{"timestamp": "2026-08-01T08:19:02.847507+00:00", "level": "INFO", "logger": "vidur.inspection_engine.engine", "message": "Inspection started for project_id=demo-project root=C:\\Users\\ka447\\AppData\\Local\\Temp\\tmpdtetvrf8", "module": "engine", "function": "run", "line": 75}
{"timestamp": "2026-08-01T08:19:02.874413+00:00", "level": "INFO", "logger": "vidur.inspection_engine.engine", "message": "Inspection completed for project_id=demo-project health_score=80.0 findings=1", "module": "engine", "function": "run", "line": 93}
{"timestamp": "2026-08-01T08:19:02.875414+00:00", "level": "INFO", "logger": "vidur.ai_reasoning.engine", "message": "AI reasoning started for project_id=demo-project root=C:\\Users\\ka447\\AppData\\Local\\Temp\\tmpdtetvrf8", "module": "engine", "function": "run", "line": 80}
{"timestamp": "2026-08-01T08:19:02.875414+00:00", "level": "INFO", "logger": "vidur.ai_reasoning.engine", "message": "AI reasoning completed for project_id=demo-project recommendations=1", "module": "engine", "function": "run", "line": 102}
{"timestamp": "2026-08-01T08:21:07.354641+00:00", "level": "INFO", "logger": "vidur.inspection_engine.engine", "message": "Inspection started for project_id=demo-project root=C:\\Users\\ka447\\AppData\\Local\\Temp\\pytest-of-ka447\\pytest-3\\test_run_raises_when_feature_f0", "module": "engine", "function": "run", "line": 75}
{"timestamp": "2026-08-01T08:21:07.359855+00:00", "level": "INFO", "logger": "vidur.inspection_engine.engine", "message": "Inspection completed for project_id=demo-project health_score=80.0 findings=1", "module": "engine", "function": "run", "line": 93}
{"timestamp": "2026-08-01T08:21:07.363859+00:00", "level": "INFO", "logger": "vidur.inspection_engine.engine", "message": "Inspection started for project_id=demo-project root=C:\\Users\\ka447\\AppData\\Local\\Temp\\pytest-of-ka447\\pytest-3\\test_run_raises_for_invalid_pr0", "module": "engine", "function": "run", "line": 75}
{"timestamp": "2026-08-01T08:21:07.367365+00:00", "level": "INFO", "logger": "vidur.inspection_engine.engine", "message": "Inspection completed for project_id=demo-project health_score=80.0 findings=1", "module": "engine", "function": "run", "line": 93}
{"timestamp": "2026-08-01T08:21:07.371377+00:00", "level": "INFO", "logger": "vidur.inspection_engine.engine", "message": "Inspection started for project_id=project-a root=C:\\Users\\ka447\\AppData\\Local\\Temp\\pytest-of-ka447\\pytest-3\\test_run_raises_for_mismatched0", "module": "engine", "function": "run", "line": 75}
{"timestamp": "2026-08-01T08:21:07.374373+00:00", "level": "INFO", "logger": "vidur.inspection_engine.engine", "message": "Inspection completed for project_id=project-a health_score=80.0 findings=1", "module": "engine", "function": "run", "line": 93}
{"timestamp": "2026-08-01T08:21:07.378564+00:00", "level": "INFO", "logger": "vidur.inspection_engine.engine", "message": "Inspection started for project_id=demo-project root=C:\\Users\\ka447\\AppData\\Local\\Temp\\pytest-of-ka447\\pytest-3\\test_run_produces_reasoning_re0", "module": "engine", "function": "run", "line": 75}
{"timestamp": "2026-08-01T08:21:07.382527+00:00", "level": "INFO", "logger": "vidur.inspection_engine.engine", "message": "Inspection completed for project_id=demo-project health_score=80.0 findings=1", "module": "engine", "function": "run", "line": 93}
{"timestamp": "2026-08-01T08:21:07.383515+00:00", "level": "INFO", "logger": "vidur.ai_reasoning.engine", "message": "AI reasoning started for project_id=demo-project root=C:\\Users\\ka447\\AppData\\Local\\Temp\\pytest-of-ka447\\pytest-3\\test_run_produces_reasoning_re0", "module": "engine", "function": "run", "line": 80}
{"timestamp": "2026-08-01T08:21:07.384019+00:00", "level": "INFO", "logger": "vidur.ai_reasoning.engine", "message": "AI reasoning completed for project_id=demo-project recommendations=1", "module": "engine", "function": "run", "line": 102}
{"timestamp": "2026-08-01T08:21:07.387026+00:00", "level": "INFO", "logger": "vidur.inspection_engine.engine", "message": "Inspection started for project_id=demo-project root=C:\\Users\\ka447\\AppData\\Local\\Temp\\pytest-of-ka447\\pytest-3\\test_run_normalizes_project_id0", "module": "engine", "function": "run", "line": 75}
{"timestamp": "2026-08-01T08:21:07.391026+00:00", "level": "INFO", "logger": "vidur.inspection_engine.engine", "message": "Inspection completed for project_id=demo-project health_score=80.0 findings=1", "module": "engine", "function": "run", "line": 93}
{"timestamp": "2026-08-01T08:21:07.392026+00:00", "level": "INFO", "logger": "vidur.ai_reasoning.engine", "message": "AI reasoning started for project_id=demo-project root=C:\\Users\\ka447\\AppData\\Local\\Temp\\pytest-of-ka447\\pytest-3\\test_run_normalizes_project_id0", "module": "engine", "function": "run", "line": 80}
{"timestamp": "2026-08-01T08:21:07.392026+00:00", "level": "INFO", "logger": "vidur.ai_reasoning.engine", "message": "AI reasoning completed for project_id=demo-project recommendations=1", "module": "engine", "function": "run", "line": 102}
{"timestamp": "2026-08-01T08:21:35.906714+00:00", "level": "INFO", "logger": "vidur.inspection_engine.engine", "message": "Inspection started for project_id=demo-project root=C:\\Users\\ka447\\AppData\\Local\\Temp\\pytest-of-ka447\\pytest-4\\test_run_raises_when_feature_f0", "module": "engine", "function": "run", "line": 75}
{"timestamp": "2026-08-01T08:21:35.910866+00:00", "level": "INFO", "logger": "vidur.inspection_engine.engine", "message": "Inspection completed for project_id=demo-project health_score=80.0 findings=1", "module": "engine", "function": "run", "line": 93}
{"timestamp": "2026-08-01T08:21:35.913388+00:00", "level": "INFO", "logger": "vidur.inspection_engine.engine", "message": "Inspection started for project_id=demo-project root=C:\\Users\\ka447\\AppData\\Local\\Temp\\pytest-of-ka447\\pytest-4\\test_run_raises_for_invalid_pr0", "module": "engine", "function": "run", "line": 75}
{"timestamp": "2026-08-01T08:21:35.917391+00:00", "level": "INFO", "logger": "vidur.inspection_engine.engine", "message": "Inspection completed for project_id=demo-project health_score=80.0 findings=1", "module": "engine", "function": "run", "line": 93}
{"timestamp": "2026-08-01T08:21:35.920384+00:00", "level": "INFO", "logger": "vidur.inspection_engine.engine", "message": "Inspection started for project_id=project-a root=C:\\Users\\ka447\\AppData\\Local\\Temp\\pytest-of-ka447\\pytest-4\\test_run_raises_for_mismatched0", "module": "engine", "function": "run", "line": 75}
{"timestamp": "2026-08-01T08:21:35.925383+00:00", "level": "INFO", "logger": "vidur.inspection_engine.engine", "message": "Inspection completed for project_id=project-a health_score=80.0 findings=1", "module": "engine", "function": "run", "line": 93}
{"timestamp": "2026-08-01T08:21:35.929900+00:00", "level": "INFO", "logger": "vidur.inspection_engine.engine", "message": "Inspection started for project_id=demo-project root=C:\\Users\\ka447\\AppData\\Local\\Temp\\pytest-of-ka447\\pytest-4\\test_run_produces_reasoning_re0", "module": "engine", "function": "run", "line": 75}
{"timestamp": "2026-08-01T08:21:35.934336+00:00", "level": "INFO", "logger": "vidur.inspection_engine.engine", "message": "Inspection completed for project_id=demo-project health_score=80.0 findings=1", "module": "engine", "function": "run", "line": 93}
{"timestamp": "2026-08-01T08:21:35.934336+00:00", "level": "INFO", "logger": "vidur.ai_reasoning.engine", "message": "AI reasoning started for project_id=demo-project root=C:\\Users\\ka447\\AppData\\Local\\Temp\\pytest-of-ka447\\pytest-4\\test_run_produces_reasoning_re0", "module": "engine", "function": "run", "line": 80}
{"timestamp": "2026-08-01T08:21:35.935342+00:00", "level": "INFO", "logger": "vidur.ai_reasoning.engine", "message": "AI reasoning completed for project_id=demo-project recommendations=1", "module": "engine", "function": "run", "line": 102}
{"timestamp": "2026-08-01T08:21:35.939334+00:00", "level": "INFO", "logger": "vidur.inspection_engine.engine", "message": "Inspection started for project_id=demo-project root=C:\\Users\\ka447\\AppData\\Local\\Temp\\pytest-of-ka447\\pytest-4\\test_run_normalizes_project_id0", "module": "engine", "function": "run", "line": 75}
{"timestamp": "2026-08-01T08:21:35.946338+00:00", "level": "INFO", "logger": "vidur.inspection_engine.engine", "message": "Inspection completed for project_id=demo-project health_score=80.0 findings=1", "module": "engine", "function": "run", "line": 93}
{"timestamp": "2026-08-01T08:21:35.946338+00:00", "level": "INFO", "logger": "vidur.ai_reasoning.engine", "message": "AI reasoning started for project_id=demo-project root=C:\\Users\\ka447\\AppData\\Local\\Temp\\pytest-of-ka447\\pytest-4\\test_run_normalizes_project_id0", "module": "engine", "function": "run", "line": 80}
{"timestamp": "2026-08-01T08:21:35.947342+00:00", "level": "INFO", "logger": "vidur.ai_reasoning.engine", "message": "AI reasoning completed for project_id=demo-project recommendations=1", "module": "engine", "function": "run", "line": 102}
{"timestamp": "2026-08-01T08:21:36.230934+00:00", "level": "INFO", "logger": "vidur.inspection_engine.engine", "message": "Inspection started for project_id=demo-project root=C:\\Users\\ka447\\AppData\\Local\\Temp\\pytest-of-ka447\\pytest-4\\test_run_produces_completed_re0", "module": "engine", "function": "run", "line": 75}
{"timestamp": "2026-08-01T08:21:36.234854+00:00", "level": "INFO", "logger": "vidur.inspection_engine.engine", "message": "Inspection completed for project_id=demo-project health_score=100.0 findings=0", "module": "engine", "function": "run", "line": 93}
{"timestamp": "2026-08-01T08:21:36.238462+00:00", "level": "INFO", "logger": "vidur.inspection_engine.engine", "message": "Inspection started for project_id=demo-project root=C:\\Users\\ka447\\AppData\\Local\\Temp\\pytest-of-ka447\\pytest-4\\test_run_detects_findings_acro0", "module": "engine", "function": "run", "line": 75}
{"timestamp": "2026-08-01T08:21:36.243239+00:00", "level": "INFO", "logger": "vidur.inspection_engine.engine", "message": "Inspection completed for project_id=demo-project health_score=0.0 findings=2", "module": "engine", "function": "run", "line": 93}
{"timestamp": "2026-08-01T08:21:36.246047+00:00", "level": "INFO", "logger": "vidur.inspection_engine.engine", "message": "Inspection started for project_id=demo-project root=C:\\Users\\ka447\\AppData\\Local\\Temp\\pytest-of-ka447\\pytest-4\\test_run_with_previous_snapsho0", "module": "engine", "function": "run", "line": 75}
{"timestamp": "2026-08-01T08:21:36.249522+00:00", "level": "INFO", "logger": "vidur.inspection_engine.engine", "message": "Inspection completed for project_id=demo-project health_score=40.0 findings=1", "module": "engine", "function": "run", "line": 93}
{"timestamp": "2026-08-01T08:21:36.250312+00:00", "level": "INFO", "logger": "vidur.inspection_engine.engine", "message": "Inspection started for project_id=demo-project root=C:\\Users\\ka447\\AppData\\Local\\Temp\\pytest-of-ka447\\pytest-4\\test_run_with_previous_snapsho0", "module": "engine", "function": "run", "line": 75}
{"timestamp": "2026-08-01T08:21:36.253480+00:00", "level": "INFO", "logger": "vidur.inspection_engine.engine", "message": "Inspection completed for project_id=demo-project health_score=60.0 findings=2", "module": "engine", "function": "run", "line": 93}
{"timestamp": "2026-08-01T08:21:36.255676+00:00", "level": "INFO", "logger": "vidur.inspection_engine.engine", "message": "Inspection started for project_id=demo-project root=C:\\Users\\ka447\\AppData\\Local\\Temp\\pytest-of-ka447\\pytest-4\\test_run_normalizes_project_id1", "module": "engine", "function": "run", "line": 75}
{"timestamp": "2026-08-01T08:21:36.258187+00:00", "level": "INFO", "logger": "vidur.inspection_engine.engine", "message": "Inspection completed for project_id=demo-project health_score=40.0 findings=1", "module": "engine", "function": "run", "line": 93}
{"timestamp": "2026-08-01T08:22:19.081682+00:00", "level": "INFO", "logger": "vidur.inspection_engine.engine", "message": "Inspection started for project_id=demo-project root=C:\\Users\\ka447\\AppData\\Local\\Temp\\pytest-of-ka447\\pytest-5\\test_run_raises_when_feature_f0", "module": "engine", "function": "run", "line": 75}
{"timestamp": "2026-08-01T08:22:19.085763+00:00", "level": "INFO", "logger": "vidur.inspection_engine.engine", "message": "Inspection completed for project_id=demo-project health_score=80.0 findings=1", "module": "engine", "function": "run", "line": 93}
{"timestamp": "2026-08-01T08:22:19.089759+00:00", "level": "INFO", "logger": "vidur.inspection_engine.engine", "message": "Inspection started for project_id=demo-project root=C:\\Users\\ka447\\AppData\\Local\\Temp\\pytest-of-ka447\\pytest-5\\test_run_raises_for_invalid_pr0", "module": "engine", "function": "run", "line": 75}
{"timestamp": "2026-08-01T08:22:19.092762+00:00", "level": "INFO", "logger": "vidur.inspection_engine.engine", "message": "Inspection completed for project_id=demo-project health_score=80.0 findings=1", "module": "engine", "function": "run", "line": 93}
{"timestamp": "2026-08-01T08:22:19.095757+00:00", "level": "INFO", "logger": "vidur.inspection_engine.engine", "message": "Inspection started for project_id=project-a root=C:\\Users\\ka447\\AppData\\Local\\Temp\\pytest-of-ka447\\pytest-5\\test_run_raises_for_mismatched0", "module": "engine", "function": "run", "line": 75}
{"timestamp": "2026-08-01T08:22:19.099764+00:00", "level": "INFO", "logger": "vidur.inspection_engine.engine", "message": "Inspection completed for project_id=project-a health_score=80.0 findings=1", "module": "engine", "function": "run", "line": 93}
{"timestamp": "2026-08-01T08:22:19.102924+00:00", "level": "INFO", "logger": "vidur.inspection_engine.engine", "message": "Inspection started for project_id=demo-project root=C:\\Users\\ka447\\AppData\\Local\\Temp\\pytest-of-ka447\\pytest-5\\test_run_produces_reasoning_re0", "module": "engine", "function": "run", "line": 75}
{"timestamp": "2026-08-01T08:22:19.107105+00:00", "level": "INFO", "logger": "vidur.inspection_engine.engine", "message": "Inspection completed for project_id=demo-project health_score=80.0 findings=1", "module": "engine", "function": "run", "line": 93}
{"timestamp": "2026-08-01T08:22:19.108235+00:00", "level": "INFO", "logger": "vidur.ai_reasoning.engine", "message": "AI reasoning started for project_id=demo-project root=C:\\Users\\ka447\\AppData\\Local\\Temp\\pytest-of-ka447\\pytest-5\\test_run_produces_reasoning_re0", "module": "engine", "function": "run", "line": 80}
{"timestamp": "2026-08-01T08:22:19.109240+00:00", "level": "INFO", "logger": "vidur.ai_reasoning.engine", "message": "AI reasoning completed for project_id=demo-project recommendations=1", "module": "engine", "function": "run", "line": 102}
{"timestamp": "2026-08-01T08:22:19.112245+00:00", "level": "INFO", "logger": "vidur.inspection_engine.engine", "message": "Inspection started for project_id=demo-project root=C:\\Users\\ka447\\AppData\\Local\\Temp\\pytest-of-ka447\\pytest-5\\test_run_normalizes_project_id0", "module": "engine", "function": "run", "line": 75}
{"timestamp": "2026-08-01T08:22:19.115244+00:00", "level": "INFO", "logger": "vidur.inspection_engine.engine", "message": "Inspection completed for project_id=demo-project health_score=80.0 findings=1", "module": "engine", "function": "run", "line": 93}
{"timestamp": "2026-08-01T08:22:19.115244+00:00", "level": "INFO", "logger": "vidur.ai_reasoning.engine", "message": "AI reasoning started for project_id=demo-project root=C:\\Users\\ka447\\AppData\\Local\\Temp\\pytest-of-ka447\\pytest-5\\test_run_normalizes_project_id0", "module": "engine", "function": "run", "line": 80}
{"timestamp": "2026-08-01T08:22:19.116244+00:00", "level": "INFO", "logger": "vidur.ai_reasoning.engine", "message": "AI reasoning completed for project_id=demo-project recommendations=1", "module": "engine", "function": "run", "line": 102}
{"timestamp": "2026-08-01T08:22:19.204977+00:00", "level": "INFO", "logger": "vidur.inspection_engine.engine", "message": "Inspection started for project_id=demo-project root=C:\\Users\\ka447\\AppData\\Local\\Temp\\pytest-of-ka447\\pytest-5\\test_run_produces_completed_re0", "module": "engine", "function": "run", "line": 75}
{"timestamp": "2026-08-01T08:22:19.207188+00:00", "level": "INFO", "logger": "vidur.inspection_engine.engine", "message": "Inspection completed for project_id=demo-project health_score=100.0 findings=0", "module": "engine", "function": "run", "line": 93}
{"timestamp": "2026-08-01T08:22:19.207188+00:00", "level": "INFO", "logger": "vidur.inspection_engine.engine", "message": "Inspection started for project_id=demo-project root=C:\\Users\\ka447\\AppData\\Local\\Temp\\pytest-of-ka447\\pytest-5\\test_run_detects_findings_acro0", "module": "engine", "function": "run", "line": 75}
{"timestamp": "2026-08-01T08:22:19.207188+00:00", "level": "INFO", "logger": "vidur.inspection_engine.engine", "message": "Inspection completed for project_id=demo-project health_score=0.0 findings=2", "module": "engine", "function": "run", "line": 93}
{"timestamp": "2026-08-01T08:22:19.207188+00:00", "level": "INFO", "logger": "vidur.inspection_engine.engine", "message": "Inspection started for project_id=demo-project root=C:\\Users\\ka447\\AppData\\Local\\Temp\\pytest-of-ka447\\pytest-5\\test_run_with_previous_snapsho0", "module": "engine", "function": "run", "line": 75}
{"timestamp": "2026-08-01T08:22:19.207188+00:00", "level": "INFO", "logger": "vidur.inspection_engine.engine", "message": "Inspection completed for project_id=demo-project health_score=40.0 findings=1", "module": "engine", "function": "run", "line": 93}
{"timestamp": "2026-08-01T08:22:19.207188+00:00", "level": "INFO", "logger": "vidur.inspection_engine.engine", "message": "Inspection started for project_id=demo-project root=C:\\Users\\ka447\\AppData\\Local\\Temp\\pytest-of-ka447\\pytest-5\\test_run_with_previous_snapsho0", "module": "engine", "function": "run", "line": 75}
{"timestamp": "2026-08-01T08:22:19.207188+00:00", "level": "INFO", "logger": "vidur.inspection_engine.engine", "message": "Inspection completed for project_id=demo-project health_score=60.0 findings=2", "module": "engine", "function": "run", "line": 93}
{"timestamp": "2026-08-01T08:22:19.224441+00:00", "level": "INFO", "logger": "vidur.inspection_engine.engine", "message": "Inspection started for project_id=demo-project root=C:\\Users\\ka447\\AppData\\Local\\Temp\\pytest-of-ka447\\pytest-5\\test_run_normalizes_project_id1", "module": "engine", "function": "run", "line": 75}
{"timestamp": "2026-08-01T08:22:19.225445+00:00", "level": "INFO", "logger": "vidur.inspection_engine.engine", "message": "Inspection completed for project_id=demo-project health_score=40.0 findings=1", "module": "engine", "function": "run", "line": 93}
{"timestamp": "2026-08-01T08:32:45.194733+00:00", "level": "INFO", "logger": "vidur.nlp.engine", "message": "NLP analysis started for project_id=vidur-self-test root=.", "module": "engine", "function": "run", "line": 76}
{"timestamp": "2026-08-01T08:32:45.269698+00:00", "level": "INFO", "logger": "vidur.nlp.engine", "message": "NLP analysis completed for project_id=vidur-self-test consistency_findings=5", "module": "engine", "function": "run", "line": 94}
{"timestamp": "2026-08-01T08:33:59.615591+00:00", "level": "INFO", "logger": "vidur.inspection_engine.engine", "message": "Inspection started for project_id=demo-project root=C:\\Users\\ka447\\AppData\\Local\\Temp\\pytest-of-ka447\\pytest-6\\test_run_raises_when_feature_f0", "module": "engine", "function": "run", "line": 75}
{"timestamp": "2026-08-01T08:33:59.626161+00:00", "level": "INFO", "logger": "vidur.inspection_engine.engine", "message": "Inspection completed for project_id=demo-project health_score=80.0 findings=1", "module": "engine", "function": "run", "line": 93}
{"timestamp": "2026-08-01T08:33:59.629673+00:00", "level": "INFO", "logger": "vidur.inspection_engine.engine", "message": "Inspection started for project_id=demo-project root=C:\\Users\\ka447\\AppData\\Local\\Temp\\pytest-of-ka447\\pytest-6\\test_run_raises_for_invalid_pr0", "module": "engine", "function": "run", "line": 75}
{"timestamp": "2026-08-01T08:33:59.634067+00:00", "level": "INFO", "logger": "vidur.inspection_engine.engine", "message": "Inspection completed for project_id=demo-project health_score=80.0 findings=1", "module": "engine", "function": "run", "line": 93}
{"timestamp": "2026-08-01T08:33:59.638590+00:00", "level": "INFO", "logger": "vidur.inspection_engine.engine", "message": "Inspection started for project_id=project-a root=C:\\Users\\ka447\\AppData\\Local\\Temp\\pytest-of-ka447\\pytest-6\\test_run_raises_for_mismatched0", "module": "engine", "function": "run", "line": 75}
{"timestamp": "2026-08-01T08:33:59.642591+00:00", "level": "INFO", "logger": "vidur.inspection_engine.engine", "message": "Inspection completed for project_id=project-a health_score=80.0 findings=1", "module": "engine", "function": "run", "line": 93}
{"timestamp": "2026-08-01T08:33:59.646590+00:00", "level": "INFO", "logger": "vidur.inspection_engine.engine", "message": "Inspection started for project_id=demo-project root=C:\\Users\\ka447\\AppData\\Local\\Temp\\pytest-of-ka447\\pytest-6\\test_run_produces_reasoning_re0", "module": "engine", "function": "run", "line": 75}
{"timestamp": "2026-08-01T08:33:59.649591+00:00", "level": "INFO", "logger": "vidur.inspection_engine.engine", "message": "Inspection completed for project_id=demo-project health_score=80.0 findings=1", "module": "engine", "function": "run", "line": 93}
{"timestamp": "2026-08-01T08:33:59.649591+00:00", "level": "INFO", "logger": "vidur.ai_reasoning.engine", "message": "AI reasoning started for project_id=demo-project root=C:\\Users\\ka447\\AppData\\Local\\Temp\\pytest-of-ka447\\pytest-6\\test_run_produces_reasoning_re0", "module": "engine", "function": "run", "line": 80}
{"timestamp": "2026-08-01T08:33:59.650593+00:00", "level": "INFO", "logger": "vidur.ai_reasoning.engine", "message": "AI reasoning completed for project_id=demo-project recommendations=1", "module": "engine", "function": "run", "line": 102}
{"timestamp": "2026-08-01T08:33:59.653591+00:00", "level": "INFO", "logger": "vidur.inspection_engine.engine", "message": "Inspection started for project_id=demo-project root=C:\\Users\\ka447\\AppData\\Local\\Temp\\pytest-of-ka447\\pytest-6\\test_run_normalizes_project_id0", "module": "engine", "function": "run", "line": 75}
{"timestamp": "2026-08-01T08:33:59.656712+00:00", "level": "INFO", "logger": "vidur.inspection_engine.engine", "message": "Inspection completed for project_id=demo-project health_score=80.0 findings=1", "module": "engine", "function": "run", "line": 93}
{"timestamp": "2026-08-01T08:33:59.656712+00:00", "level": "INFO", "logger": "vidur.ai_reasoning.engine", "message": "AI reasoning started for project_id=demo-project root=C:\\Users\\ka447\\AppData\\Local\\Temp\\pytest-of-ka447\\pytest-6\\test_run_normalizes_project_id0", "module": "engine", "function": "run", "line": 80}
{"timestamp": "2026-08-01T08:33:59.656712+00:00", "level": "INFO", "logger": "vidur.ai_reasoning.engine", "message": "AI reasoning completed for project_id=demo-project recommendations=1", "module": "engine", "function": "run", "line": 102}
{"timestamp": "2026-08-01T08:33:59.737834+00:00", "level": "INFO", "logger": "vidur.inspection_engine.engine", "message": "Inspection started for project_id=demo-project root=C:\\Users\\ka447\\AppData\\Local\\Temp\\pytest-of-ka447\\pytest-6\\test_run_produces_completed_re0", "module": "engine", "function": "run", "line": 75}
{"timestamp": "2026-08-01T08:33:59.742836+00:00", "level": "INFO", "logger": "vidur.inspection_engine.engine", "message": "Inspection completed for project_id=demo-project health_score=100.0 findings=0", "module": "engine", "function": "run", "line": 93}
{"timestamp": "2026-08-01T08:33:59.745834+00:00", "level": "INFO", "logger": "vidur.inspection_engine.engine", "message": "Inspection started for project_id=demo-project root=C:\\Users\\ka447\\AppData\\Local\\Temp\\pytest-of-ka447\\pytest-6\\test_run_detects_findings_acro0", "module": "engine", "function": "run", "line": 75}
{"timestamp": "2026-08-01T08:33:59.747836+00:00", "level": "INFO", "logger": "vidur.inspection_engine.engine", "message": "Inspection completed for project_id=demo-project health_score=0.0 findings=2", "module": "engine", "function": "run", "line": 93}
{"timestamp": "2026-08-01T08:33:59.750834+00:00", "level": "INFO", "logger": "vidur.inspection_engine.engine", "message": "Inspection started for project_id=demo-project root=C:\\Users\\ka447\\AppData\\Local\\Temp\\pytest-of-ka447\\pytest-6\\test_run_with_previous_snapsho0", "module": "engine", "function": "run", "line": 75}
{"timestamp": "2026-08-01T08:33:59.753839+00:00", "level": "INFO", "logger": "vidur.inspection_engine.engine", "message": "Inspection completed for project_id=demo-project health_score=40.0 findings=1", "module": "engine", "function": "run", "line": 93}
{"timestamp": "2026-08-01T08:33:59.754835+00:00", "level": "INFO", "logger": "vidur.inspection_engine.engine", "message": "Inspection started for project_id=demo-project root=C:\\Users\\ka447\\AppData\\Local\\Temp\\pytest-of-ka447\\pytest-6\\test_run_with_previous_snapsho0", "module": "engine", "function": "run", "line": 75}
{"timestamp": "2026-08-01T08:33:59.783726+00:00", "level": "INFO", "logger": "vidur.inspection_engine.engine", "message": "Inspection completed for project_id=demo-project health_score=60.0 findings=2", "module": "engine", "function": "run", "line": 93}
{"timestamp": "2026-08-01T08:33:59.789722+00:00", "level": "INFO", "logger": "vidur.inspection_engine.engine", "message": "Inspection started for project_id=demo-project root=C:\\Users\\ka447\\AppData\\Local\\Temp\\pytest-of-ka447\\pytest-6\\test_run_normalizes_project_id1", "module": "engine", "function": "run", "line": 75}
{"timestamp": "2026-08-01T08:33:59.793802+00:00", "level": "INFO", "logger": "vidur.inspection_engine.engine", "message": "Inspection completed for project_id=demo-project health_score=40.0 findings=1", "module": "engine", "function": "run", "line": 93}
{"timestamp": "2026-08-01T08:33:59.852418+00:00", "level": "WARNING", "logger": "vidur.nlp.code_intent_extractor", "message": "Skipping unparseable file app/broken.py: invalid syntax (app/broken.py, line 1)", "module": "code_intent_extractor", "function": "extract", "line": 56}
{"timestamp": "2026-08-01T08:33:59.859101+00:00", "level": "WARNING", "logger": "vidur.nlp.code_intent_extractor", "message": "Skipping unparseable file app/broken.py: invalid syntax (app/broken.py, line 1)", "module": "code_intent_extractor", "function": "extract", "line": 56}
{"timestamp": "2026-08-01T08:33:59.865477+00:00", "level": "WARNING", "logger": "vidur.nlp.code_intent_extractor", "message": "Skipping unparseable file app/broken.py: invalid syntax (app/broken.py, line 1)", "module": "code_intent_extractor", "function": "extract", "line": 56}
{"timestamp": "2026-08-01T08:34:00.030034+00:00", "level": "INFO", "logger": "vidur.nlp.engine", "message": "NLP analysis started for project_id=demo-project root=C:\\Users\\ka447\\AppData\\Local\\Temp\\pytest-of-ka447\\pytest-6\\test_run_produces_nlp_report0", "module": "engine", "function": "run", "line": 76}
{"timestamp": "2026-08-01T08:34:00.126561+00:00", "level": "INFO", "logger": "vidur.nlp.engine", "message": "NLP analysis completed for project_id=demo-project consistency_findings=0", "module": "engine", "function": "run", "line": 94}
{"timestamp": "2026-08-01T08:34:00.131219+00:00", "level": "INFO", "logger": "vidur.nlp.engine", "message": "NLP analysis started for project_id=demo-project root=C:\\Users\\ka447\\AppData\\Local\\Temp\\pytest-of-ka447\\pytest-6\\test_run_includes_semantic_res0", "module": "engine", "function": "run", "line": 76}
{"timestamp": "2026-08-01T08:34:00.135813+00:00", "level": "INFO", "logger": "vidur.nlp.engine", "message": "NLP analysis completed for project_id=demo-project consistency_findings=0", "module": "engine", "function": "run", "line": 94}
{"timestamp": "2026-08-01T08:34:00.140219+00:00", "level": "INFO", "logger": "vidur.nlp.engine", "message": "NLP analysis started for project_id=demo-project root=C:\\Users\\ka447\\AppData\\Local\\Temp\\pytest-of-ka447\\pytest-6\\test_run_normalizes_project_id2", "module": "engine", "function": "run", "line": 76}
{"timestamp": "2026-08-01T08:34:00.144022+00:00", "level": "INFO", "logger": "vidur.nlp.engine", "message": "NLP analysis completed for project_id=demo-project consistency_findings=0", "module": "engine", "function": "run", "line": 94}
{"timestamp": "2026-08-01T08:34:08.631148+00:00", "level": "INFO", "logger": "vidur.inspection_engine.engine", "message": "Inspection started for project_id=demo-project root=C:\\Users\\ka447\\AppData\\Local\\Temp\\pytest-of-ka447\\pytest-7\\test_run_raises_when_feature_f0", "module": "engine", "function": "run", "line": 75}
{"timestamp": "2026-08-01T08:34:08.634293+00:00", "level": "INFO", "logger": "vidur.inspection_engine.engine", "message": "Inspection completed for project_id=demo-project health_score=80.0 findings=1", "module": "engine", "function": "run", "line": 93}
{"timestamp": "2026-08-01T08:34:08.637288+00:00", "level": "INFO", "logger": "vidur.inspection_engine.engine", "message": "Inspection started for project_id=demo-project root=C:\\Users\\ka447\\AppData\\Local\\Temp\\pytest-of-ka447\\pytest-7\\test_run_raises_for_invalid_pr0", "module": "engine", "function": "run", "line": 75}
{"timestamp": "2026-08-01T08:34:08.640288+00:00", "level": "INFO", "logger": "vidur.inspection_engine.engine", "message": "Inspection completed for project_id=demo-project health_score=80.0 findings=1", "module": "engine", "function": "run", "line": 93}
{"timestamp": "2026-08-01T08:34:08.643825+00:00", "level": "INFO", "logger": "vidur.inspection_engine.engine", "message": "Inspection started for project_id=project-a root=C:\\Users\\ka447\\AppData\\Local\\Temp\\pytest-of-ka447\\pytest-7\\test_run_raises_for_mismatched0", "module": "engine", "function": "run", "line": 75}
{"timestamp": "2026-08-01T08:34:08.647886+00:00", "level": "INFO", "logger": "vidur.inspection_engine.engine", "message": "Inspection completed for project_id=project-a health_score=80.0 findings=1", "module": "engine", "function": "run", "line": 93}
{"timestamp": "2026-08-01T08:34:08.652879+00:00", "level": "INFO", "logger": "vidur.inspection_engine.engine", "message": "Inspection started for project_id=demo-project root=C:\\Users\\ka447\\AppData\\Local\\Temp\\pytest-of-ka447\\pytest-7\\test_run_produces_reasoning_re0", "module": "engine", "function": "run", "line": 75}
{"timestamp": "2026-08-01T08:34:08.656065+00:00", "level": "INFO", "logger": "vidur.inspection_engine.engine", "message": "Inspection completed for project_id=demo-project health_score=80.0 findings=1", "module": "engine", "function": "run", "line": 93}
{"timestamp": "2026-08-01T08:34:08.657065+00:00", "level": "INFO", "logger": "vidur.ai_reasoning.engine", "message": "AI reasoning started for project_id=demo-project root=C:\\Users\\ka447\\AppData\\Local\\Temp\\pytest-of-ka447\\pytest-7\\test_run_produces_reasoning_re0", "module": "engine", "function": "run", "line": 80}
{"timestamp": "2026-08-01T08:34:08.657065+00:00", "level": "INFO", "logger": "vidur.ai_reasoning.engine", "message": "AI reasoning completed for project_id=demo-project recommendations=1", "module": "engine", "function": "run", "line": 102}
{"timestamp": "2026-08-01T08:34:08.660225+00:00", "level": "INFO", "logger": "vidur.inspection_engine.engine", "message": "Inspection started for project_id=demo-project root=C:\\Users\\ka447\\AppData\\Local\\Temp\\pytest-of-ka447\\pytest-7\\test_run_normalizes_project_id0", "module": "engine", "function": "run", "line": 75}
{"timestamp": "2026-08-01T08:34:08.663241+00:00", "level": "INFO", "logger": "vidur.inspection_engine.engine", "message": "Inspection completed for project_id=demo-project health_score=80.0 findings=1", "module": "engine", "function": "run", "line": 93}
{"timestamp": "2026-08-01T08:34:08.664239+00:00", "level": "INFO", "logger": "vidur.ai_reasoning.engine", "message": "AI reasoning started for project_id=demo-project root=C:\\Users\\ka447\\AppData\\Local\\Temp\\pytest-of-ka447\\pytest-7\\test_run_normalizes_project_id0", "module": "engine", "function": "run", "line": 80}
{"timestamp": "2026-08-01T08:34:08.664239+00:00", "level": "INFO", "logger": "vidur.ai_reasoning.engine", "message": "AI reasoning completed for project_id=demo-project recommendations=1", "module": "engine", "function": "run", "line": 102}
{"timestamp": "2026-08-01T08:34:08.746151+00:00", "level": "INFO", "logger": "vidur.inspection_engine.engine", "message": "Inspection started for project_id=demo-project root=C:\\Users\\ka447\\AppData\\Local\\Temp\\pytest-of-ka447\\pytest-7\\test_run_produces_completed_re0", "module": "engine", "function": "run", "line": 75}
{"timestamp": "2026-08-01T08:34:08.749139+00:00", "level": "INFO", "logger": "vidur.inspection_engine.engine", "message": "Inspection completed for project_id=demo-project health_score=100.0 findings=0", "module": "engine", "function": "run", "line": 93}
{"timestamp": "2026-08-01T08:34:08.752140+00:00", "level": "INFO", "logger": "vidur.inspection_engine.engine", "message": "Inspection started for project_id=demo-project root=C:\\Users\\ka447\\AppData\\Local\\Temp\\pytest-of-ka447\\pytest-7\\test_run_detects_findings_acro0", "module": "engine", "function": "run", "line": 75}
{"timestamp": "2026-08-01T08:34:08.754520+00:00", "level": "INFO", "logger": "vidur.inspection_engine.engine", "message": "Inspection completed for project_id=demo-project health_score=0.0 findings=2", "module": "engine", "function": "run", "line": 93}
{"timestamp": "2026-08-01T08:34:08.756527+00:00", "level": "INFO", "logger": "vidur.inspection_engine.engine", "message": "Inspection started for project_id=demo-project root=C:\\Users\\ka447\\AppData\\Local\\Temp\\pytest-of-ka447\\pytest-7\\test_run_with_previous_snapsho0", "module": "engine", "function": "run", "line": 75}
{"timestamp": "2026-08-01T08:34:08.758801+00:00", "level": "INFO", "logger": "vidur.inspection_engine.engine", "message": "Inspection completed for project_id=demo-project health_score=40.0 findings=1", "module": "engine", "function": "run", "line": 93}
{"timestamp": "2026-08-01T08:34:08.759798+00:00", "level": "INFO", "logger": "vidur.inspection_engine.engine", "message": "Inspection started for project_id=demo-project root=C:\\Users\\ka447\\AppData\\Local\\Temp\\pytest-of-ka447\\pytest-7\\test_run_with_previous_snapsho0", "module": "engine", "function": "run", "line": 75}
{"timestamp": "2026-08-01T08:34:08.761790+00:00", "level": "INFO", "logger": "vidur.inspection_engine.engine", "message": "Inspection completed for project_id=demo-project health_score=60.0 findings=2", "module": "engine", "function": "run", "line": 93}
{"timestamp": "2026-08-01T08:34:08.765791+00:00", "level": "INFO", "logger": "vidur.inspection_engine.engine", "message": "Inspection started for project_id=demo-project root=C:\\Users\\ka447\\AppData\\Local\\Temp\\pytest-of-ka447\\pytest-7\\test_run_normalizes_project_id1", "module": "engine", "function": "run", "line": 75}
{"timestamp": "2026-08-01T08:34:08.766790+00:00", "level": "INFO", "logger": "vidur.inspection_engine.engine", "message": "Inspection completed for project_id=demo-project health_score=40.0 findings=1", "module": "engine", "function": "run", "line": 93}
{"timestamp": "2026-08-01T08:34:08.809832+00:00", "level": "WARNING", "logger": "vidur.nlp.code_intent_extractor", "message": "Skipping unparseable file app/broken.py: invalid syntax (app/broken.py, line 1)", "module": "code_intent_extractor", "function": "extract", "line": 56}
{"timestamp": "2026-08-01T08:34:08.815842+00:00", "level": "WARNING", "logger": "vidur.nlp.code_intent_extractor", "message": "Skipping unparseable file app/broken.py: invalid syntax (app/broken.py, line 1)", "module": "code_intent_extractor", "function": "extract", "line": 56}
{"timestamp": "2026-08-01T08:34:08.820842+00:00", "level": "WARNING", "logger": "vidur.nlp.code_intent_extractor", "message": "Skipping unparseable file app/broken.py: invalid syntax (app/broken.py, line 1)", "module": "code_intent_extractor", "function": "extract", "line": 56}
{"timestamp": "2026-08-01T08:34:08.861476+00:00", "level": "INFO", "logger": "vidur.nlp.engine", "message": "NLP analysis started for project_id=demo-project root=C:\\Users\\ka447\\AppData\\Local\\Temp\\pytest-of-ka447\\pytest-7\\test_run_produces_nlp_report0", "module": "engine", "function": "run", "line": 76}
{"timestamp": "2026-08-01T08:34:08.864490+00:00", "level": "INFO", "logger": "vidur.nlp.engine", "message": "NLP analysis completed for project_id=demo-project consistency_findings=0", "module": "engine", "function": "run", "line": 94}
{"timestamp": "2026-08-01T08:34:08.869225+00:00", "level": "INFO", "logger": "vidur.nlp.engine", "message": "NLP analysis started for project_id=demo-project root=C:\\Users\\ka447\\AppData\\Local\\Temp\\pytest-of-ka447\\pytest-7\\test_run_includes_semantic_res0", "module": "engine", "function": "run", "line": 76}
{"timestamp": "2026-08-01T08:34:08.873219+00:00", "level": "INFO", "logger": "vidur.nlp.engine", "message": "NLP analysis completed for project_id=demo-project consistency_findings=0", "module": "engine", "function": "run", "line": 94}
{"timestamp": "2026-08-01T08:34:08.876222+00:00", "level": "INFO", "logger": "vidur.nlp.engine", "message": "NLP analysis started for project_id=demo-project root=C:\\Users\\ka447\\AppData\\Local\\Temp\\pytest-of-ka447\\pytest-7\\test_run_normalizes_project_id2", "module": "engine", "function": "run", "line": 76}
{"timestamp": "2026-08-01T08:34:08.880928+00:00", "level": "INFO", "logger": "vidur.nlp.engine", "message": "NLP analysis completed for project_id=demo-project consistency_findings=0", "module": "engine", "function": "run", "line": 94}
{"timestamp": "2026-08-01T08:35:22.442056+00:00", "level": "INFO", "logger": "vidur.inspection_engine.engine", "message": "Inspection started for project_id=demo-project root=C:\\Users\\ka447\\AppData\\Local\\Temp\\pytest-of-ka447\\pytest-8\\test_run_raises_when_feature_f0", "module": "engine", "function": "run", "line": 75}
{"timestamp": "2026-08-01T08:35:22.447621+00:00", "level": "INFO", "logger": "vidur.inspection_engine.engine", "message": "Inspection completed for project_id=demo-project health_score=80.0 findings=1", "module": "engine", "function": "run", "line": 93}
{"timestamp": "2026-08-01T08:35:22.452132+00:00", "level": "INFO", "logger": "vidur.inspection_engine.engine", "message": "Inspection started for project_id=demo-project root=C:\\Users\\ka447\\AppData\\Local\\Temp\\pytest-of-ka447\\pytest-8\\test_run_raises_for_invalid_pr0", "module": "engine", "function": "run", "line": 75}
{"timestamp": "2026-08-01T08:35:22.456868+00:00", "level": "INFO", "logger": "vidur.inspection_engine.engine", "message": "Inspection completed for project_id=demo-project health_score=80.0 findings=1", "module": "engine", "function": "run", "line": 93}
{"timestamp": "2026-08-01T08:35:22.459965+00:00", "level": "INFO", "logger": "vidur.inspection_engine.engine", "message": "Inspection started for project_id=project-a root=C:\\Users\\ka447\\AppData\\Local\\Temp\\pytest-of-ka447\\pytest-8\\test_run_raises_for_mismatched0", "module": "engine", "function": "run", "line": 75}
{"timestamp": "2026-08-01T08:35:22.464395+00:00", "level": "INFO", "logger": "vidur.inspection_engine.engine", "message": "Inspection completed for project_id=project-a health_score=80.0 findings=1", "module": "engine", "function": "run", "line": 93}
{"timestamp": "2026-08-01T08:35:22.468038+00:00", "level": "INFO", "logger": "vidur.inspection_engine.engine", "message": "Inspection started for project_id=demo-project root=C:\\Users\\ka447\\AppData\\Local\\Temp\\pytest-of-ka447\\pytest-8\\test_run_produces_reasoning_re0", "module": "engine", "function": "run", "line": 75}
{"timestamp": "2026-08-01T08:35:22.471054+00:00", "level": "INFO", "logger": "vidur.inspection_engine.engine", "message": "Inspection completed for project_id=demo-project health_score=80.0 findings=1", "module": "engine", "function": "run", "line": 93}
{"timestamp": "2026-08-01T08:35:22.472047+00:00", "level": "INFO", "logger": "vidur.ai_reasoning.engine", "message": "AI reasoning started for project_id=demo-project root=C:\\Users\\ka447\\AppData\\Local\\Temp\\pytest-of-ka447\\pytest-8\\test_run_produces_reasoning_re0", "module": "engine", "function": "run", "line": 80}
{"timestamp": "2026-08-01T08:35:22.473039+00:00", "level": "INFO", "logger": "vidur.ai_reasoning.engine", "message": "AI reasoning completed for project_id=demo-project recommendations=1", "module": "engine", "function": "run", "line": 102}
{"timestamp": "2026-08-01T08:35:22.476038+00:00", "level": "INFO", "logger": "vidur.inspection_engine.engine", "message": "Inspection started for project_id=demo-project root=C:\\Users\\ka447\\AppData\\Local\\Temp\\pytest-of-ka447\\pytest-8\\test_run_normalizes_project_id0", "module": "engine", "function": "run", "line": 75}
{"timestamp": "2026-08-01T08:35:22.478262+00:00", "level": "INFO", "logger": "vidur.inspection_engine.engine", "message": "Inspection completed for project_id=demo-project health_score=80.0 findings=1", "module": "engine", "function": "run", "line": 93}
{"timestamp": "2026-08-01T08:35:22.479261+00:00", "level": "INFO", "logger": "vidur.ai_reasoning.engine", "message": "AI reasoning started for project_id=demo-project root=C:\\Users\\ka447\\AppData\\Local\\Temp\\pytest-of-ka447\\pytest-8\\test_run_normalizes_project_id0", "module": "engine", "function": "run", "line": 80}
{"timestamp": "2026-08-01T08:35:22.479261+00:00", "level": "INFO", "logger": "vidur.ai_reasoning.engine", "message": "AI reasoning completed for project_id=demo-project recommendations=1", "module": "engine", "function": "run", "line": 102}
{"timestamp": "2026-08-01T08:35:22.566861+00:00", "level": "INFO", "logger": "vidur.inspection_engine.engine", "message": "Inspection started for project_id=demo-project root=C:\\Users\\ka447\\AppData\\Local\\Temp\\pytest-of-ka447\\pytest-8\\test_run_produces_completed_re0", "module": "engine", "function": "run", "line": 75}
{"timestamp": "2026-08-01T08:35:22.568861+00:00", "level": "INFO", "logger": "vidur.inspection_engine.engine", "message": "Inspection completed for project_id=demo-project health_score=100.0 findings=0", "module": "engine", "function": "run", "line": 93}
{"timestamp": "2026-08-01T08:35:22.571860+00:00", "level": "INFO", "logger": "vidur.inspection_engine.engine", "message": "Inspection started for project_id=demo-project root=C:\\Users\\ka447\\AppData\\Local\\Temp\\pytest-of-ka447\\pytest-8\\test_run_detects_findings_acro0", "module": "engine", "function": "run", "line": 75}
{"timestamp": "2026-08-01T08:35:22.573863+00:00", "level": "INFO", "logger": "vidur.inspection_engine.engine", "message": "Inspection completed for project_id=demo-project health_score=0.0 findings=2", "module": "engine", "function": "run", "line": 93}
{"timestamp": "2026-08-01T08:35:22.575863+00:00", "level": "INFO", "logger": "vidur.inspection_engine.engine", "message": "Inspection started for project_id=demo-project root=C:\\Users\\ka447\\AppData\\Local\\Temp\\pytest-of-ka447\\pytest-8\\test_run_with_previous_snapsho0", "module": "engine", "function": "run", "line": 75}
{"timestamp": "2026-08-01T08:35:22.578385+00:00", "level": "INFO", "logger": "vidur.inspection_engine.engine", "message": "Inspection completed for project_id=demo-project health_score=40.0 findings=1", "module": "engine", "function": "run", "line": 93}
{"timestamp": "2026-08-01T08:35:22.579383+00:00", "level": "INFO", "logger": "vidur.inspection_engine.engine", "message": "Inspection started for project_id=demo-project root=C:\\Users\\ka447\\AppData\\Local\\Temp\\pytest-of-ka447\\pytest-8\\test_run_with_previous_snapsho0", "module": "engine", "function": "run", "line": 75}
{"timestamp": "2026-08-01T08:35:22.580387+00:00", "level": "INFO", "logger": "vidur.inspection_engine.engine", "message": "Inspection completed for project_id=demo-project health_score=60.0 findings=2", "module": "engine", "function": "run", "line": 93}
{"timestamp": "2026-08-01T08:35:22.584641+00:00", "level": "INFO", "logger": "vidur.inspection_engine.engine", "message": "Inspection started for project_id=demo-project root=C:\\Users\\ka447\\AppData\\Local\\Temp\\pytest-of-ka447\\pytest-8\\test_run_normalizes_project_id1", "module": "engine", "function": "run", "line": 75}
{"timestamp": "2026-08-01T08:35:22.586642+00:00", "level": "INFO", "logger": "vidur.inspection_engine.engine", "message": "Inspection completed for project_id=demo-project health_score=40.0 findings=1", "module": "engine", "function": "run", "line": 93}
{"timestamp": "2026-08-01T08:35:22.642945+00:00", "level": "WARNING", "logger": "vidur.nlp.code_intent_extractor", "message": "Skipping unparseable file app/broken.py: invalid syntax (app/broken.py, line 1)", "module": "code_intent_extractor", "function": "extract", "line": 56}
{"timestamp": "2026-08-01T08:35:22.655947+00:00", "level": "WARNING", "logger": "vidur.nlp.code_intent_extractor", "message": "Skipping unparseable file app/broken.py: invalid syntax (app/broken.py, line 1)", "module": "code_intent_extractor", "function": "extract", "line": 56}
{"timestamp": "2026-08-01T08:35:22.664956+00:00", "level": "WARNING", "logger": "vidur.nlp.code_intent_extractor", "message": "Skipping unparseable file app/broken.py: invalid syntax (app/broken.py, line 1)", "module": "code_intent_extractor", "function": "extract", "line": 56}
{"timestamp": "2026-08-01T08:35:22.711422+00:00", "level": "INFO", "logger": "vidur.nlp.engine", "message": "NLP analysis started for project_id=demo-project root=C:\\Users\\ka447\\AppData\\Local\\Temp\\pytest-of-ka447\\pytest-8\\test_run_produces_nlp_report0", "module": "engine", "function": "run", "line": 76}
{"timestamp": "2026-08-01T08:35:22.715421+00:00", "level": "INFO", "logger": "vidur.nlp.engine", "message": "NLP analysis completed for project_id=demo-project consistency_findings=0", "module": "engine", "function": "run", "line": 94}
{"timestamp": "2026-08-01T08:35:22.719421+00:00", "level": "INFO", "logger": "vidur.nlp.engine", "message": "NLP analysis started for project_id=demo-project root=C:\\Users\\ka447\\AppData\\Local\\Temp\\pytest-of-ka447\\pytest-8\\test_run_includes_semantic_res0", "module": "engine", "function": "run", "line": 76}
{"timestamp": "2026-08-01T08:35:22.723870+00:00", "level": "INFO", "logger": "vidur.nlp.engine", "message": "NLP analysis completed for project_id=demo-project consistency_findings=0", "module": "engine", "function": "run", "line": 94}
{"timestamp": "2026-08-01T08:35:22.727368+00:00", "level": "INFO", "logger": "vidur.nlp.engine", "message": "NLP analysis started for project_id=demo-project root=C:\\Users\\ka447\\AppData\\Local\\Temp\\pytest-of-ka447\\pytest-8\\test_run_normalizes_project_id2", "module": "engine", "function": "run", "line": 76}
{"timestamp": "2026-08-01T08:35:22.731485+00:00", "level": "INFO", "logger": "vidur.nlp.engine", "message": "NLP analysis completed for project_id=demo-project consistency_findings=0", "module": "engine", "function": "run", "line": 94}
{"timestamp": "2026-08-01T08:44:32.731513+00:00", "level": "INFO", "logger": "vidur.inspection_engine.engine", "message": "Inspection started for project_id=demo-project root=C:\\Users\\ka447\\AppData\\Local\\Temp\\pytest-of-ka447\\pytest-9\\test_run_raises_when_feature_f0", "module": "engine", "function": "run", "line": 75}
{"timestamp": "2026-08-01T08:44:32.735643+00:00", "level": "INFO", "logger": "vidur.inspection_engine.engine", "message": "Inspection completed for project_id=demo-project health_score=100.0 findings=0", "module": "engine", "function": "run", "line": 93}
{"timestamp": "2026-08-01T08:44:32.738643+00:00", "level": "INFO", "logger": "vidur.inspection_engine.engine", "message": "Inspection started for project_id=demo-project root=C:\\Users\\ka447\\AppData\\Local\\Temp\\pytest-of-ka447\\pytest-9\\test_run_raises_for_invalid_pr0", "module": "engine", "function": "run", "line": 75}
{"timestamp": "2026-08-01T08:44:32.741530+00:00", "level": "INFO", "logger": "vidur.inspection_engine.engine", "message": "Inspection completed for project_id=demo-project health_score=100.0 findings=0", "module": "engine", "function": "run", "line": 93}
{"timestamp": "2026-08-01T08:44:32.745039+00:00", "level": "INFO", "logger": "vidur.inspection_engine.engine", "message": "Inspection started for project_id=project-a root=C:\\Users\\ka447\\AppData\\Local\\Temp\\pytest-of-ka447\\pytest-9\\test_run_raises_for_mismatched0", "module": "engine", "function": "run", "line": 75}
{"timestamp": "2026-08-01T08:44:32.748046+00:00", "level": "INFO", "logger": "vidur.inspection_engine.engine", "message": "Inspection completed for project_id=project-a health_score=100.0 findings=0", "module": "engine", "function": "run", "line": 93}
{"timestamp": "2026-08-01T08:44:32.751047+00:00", "level": "INFO", "logger": "vidur.inspection_engine.engine", "message": "Inspection started for project_id=demo-project root=C:\\Users\\ka447\\AppData\\Local\\Temp\\pytest-of-ka447\\pytest-9\\test_run_raises_for_mismatched1", "module": "engine", "function": "run", "line": 75}
{"timestamp": "2026-08-01T08:44:32.754409+00:00", "level": "INFO", "logger": "vidur.inspection_engine.engine", "message": "Inspection completed for project_id=demo-project health_score=100.0 findings=0", "module": "engine", "function": "run", "line": 93}
{"timestamp": "2026-08-01T08:44:32.755818+00:00", "level": "INFO", "logger": "vidur.ai_reasoning.engine", "message": "AI reasoning started for project_id=demo-project root=C:\\Users\\ka447\\AppData\\Local\\Temp\\pytest-of-ka447\\pytest-9\\test_run_raises_for_mismatched1", "module": "engine", "function": "run", "line": 80}
{"timestamp": "2026-08-01T08:44:32.755818+00:00", "level": "INFO", "logger": "vidur.ai_reasoning.engine", "message": "AI reasoning completed for project_id=demo-project recommendations=0", "module": "engine", "function": "run", "line": 102}
{"timestamp": "2026-08-01T08:44:32.759073+00:00", "level": "INFO", "logger": "vidur.inspection_engine.engine", "message": "Inspection started for project_id=demo-project root=C:\\Users\\ka447\\AppData\\Local\\Temp\\pytest-of-ka447\\pytest-9\\test_run_produces_ml_predictio0", "module": "engine", "function": "run", "line": 75}
{"timestamp": "2026-08-01T08:44:32.762070+00:00", "level": "INFO", "logger": "vidur.inspection_engine.engine", "message": "Inspection completed for project_id=demo-project health_score=100.0 findings=0", "module": "engine", "function": "run", "line": 93}
{"timestamp": "2026-08-01T08:44:32.763077+00:00", "level": "INFO", "logger": "vidur.ml_prediction.engine", "message": "ML prediction started for project_id=demo-project root=C:\\Users\\ka447\\AppData\\Local\\Temp\\pytest-of-ka447\\pytest-9\\test_run_produces_ml_predictio0", "module": "engine", "function": "run", "line": 103}
{"timestamp": "2026-08-01T08:44:32.763077+00:00", "level": "INFO", "logger": "vidur.ml_prediction.engine", "message": "ML prediction completed for project_id=demo-project failure_probability=0.1298", "module": "engine", "function": "run", "line": 127}
{"timestamp": "2026-08-01T08:44:32.766250+00:00", "level": "INFO", "logger": "vidur.inspection_engine.engine", "message": "Inspection started for project_id=demo-project root=C:\\Users\\ka447\\AppData\\Local\\Temp\\pytest-of-ka447\\pytest-9\\test_run_produces_ml_predictio1", "module": "engine", "function": "run", "line": 75}
{"timestamp": "2026-08-01T08:44:32.769825+00:00", "level": "INFO", "logger": "vidur.inspection_engine.engine", "message": "Inspection completed for project_id=demo-project health_score=100.0 findings=0", "module": "engine", "function": "run", "line": 93}
{"timestamp": "2026-08-01T08:44:32.769825+00:00", "level": "INFO", "logger": "vidur.ai_reasoning.engine", "message": "AI reasoning started for project_id=demo-project root=C:\\Users\\ka447\\AppData\\Local\\Temp\\pytest-of-ka447\\pytest-9\\test_run_produces_ml_predictio1", "module": "engine", "function": "run", "line": 80}
{"timestamp": "2026-08-01T08:44:32.769825+00:00", "level": "INFO", "logger": "vidur.ai_reasoning.engine", "message": "AI reasoning completed for project_id=demo-project recommendations=0", "module": "engine", "function": "run", "line": 102}
{"timestamp": "2026-08-01T08:44:32.771268+00:00", "level": "INFO", "logger": "vidur.ml_prediction.engine", "message": "ML prediction started for project_id=demo-project root=C:\\Users\\ka447\\AppData\\Local\\Temp\\pytest-of-ka447\\pytest-9\\test_run_produces_ml_predictio1", "module": "engine", "function": "run", "line": 103}
{"timestamp": "2026-08-01T08:44:32.771268+00:00", "level": "INFO", "logger": "vidur.ml_prediction.engine", "message": "ML prediction completed for project_id=demo-project failure_probability=0.1298", "module": "engine", "function": "run", "line": 127}
{"timestamp": "2026-08-01T08:44:32.773763+00:00", "level": "INFO", "logger": "vidur.inspection_engine.engine", "message": "Inspection started for project_id=demo-project root=C:\\Users\\ka447\\AppData\\Local\\Temp\\pytest-of-ka447\\pytest-9\\test_run_uses_historical_healt0", "module": "engine", "function": "run", "line": 75}
{"timestamp": "2026-08-01T08:44:32.776769+00:00", "level": "INFO", "logger": "vidur.inspection_engine.engine", "message": "Inspection completed for project_id=demo-project health_score=100.0 findings=0", "module": "engine", "function": "run", "line": 93}
{"timestamp": "2026-08-01T08:44:32.778074+00:00", "level": "INFO", "logger": "vidur.ml_prediction.engine", "message": "ML prediction started for project_id=demo-project root=C:\\Users\\ka447\\AppData\\Local\\Temp\\pytest-of-ka447\\pytest-9\\test_run_uses_historical_healt0", "module": "engine", "function": "run", "line": 103}
{"timestamp": "2026-08-01T08:44:32.778074+00:00", "level": "INFO", "logger": "vidur.ml_prediction.engine", "message": "ML prediction completed for project_id=demo-project failure_probability=0.1298", "module": "engine", "function": "run", "line": 127}
{"timestamp": "2026-08-01T08:44:32.781540+00:00", "level": "INFO", "logger": "vidur.inspection_engine.engine", "message": "Inspection started for project_id=demo-project root=C:\\Users\\ka447\\AppData\\Local\\Temp\\pytest-of-ka447\\pytest-9\\test_run_normalizes_project_id0", "module": "engine", "function": "run", "line": 75}
{"timestamp": "2026-08-01T08:44:32.784910+00:00", "level": "INFO", "logger": "vidur.inspection_engine.engine", "message": "Inspection completed for project_id=demo-project health_score=100.0 findings=0", "module": "engine", "function": "run", "line": 93}
{"timestamp": "2026-08-01T08:44:32.784910+00:00", "level": "INFO", "logger": "vidur.ml_prediction.engine", "message": "ML prediction started for project_id=demo-project root=C:\\Users\\ka447\\AppData\\Local\\Temp\\pytest-of-ka447\\pytest-9\\test_run_normalizes_project_id0", "module": "engine", "function": "run", "line": 103}
{"timestamp": "2026-08-01T08:44:32.784910+00:00", "level": "INFO", "logger": "vidur.ml_prediction.engine", "message": "ML prediction completed for project_id=demo-project failure_probability=0.1298", "module": "engine", "function": "run", "line": 127}
{"timestamp": "2026-08-01T08:44:36.487242+00:00", "level": "INFO", "logger": "vidur.inspection_engine.engine", "message": "Inspection started for project_id=demo-project root=C:\\Users\\ka447\\AppData\\Local\\Temp\\pytest-of-ka447\\pytest-10\\test_run_raises_when_feature_f0", "module": "engine", "function": "run", "line": 75}
{"timestamp": "2026-08-01T08:44:36.490243+00:00", "level": "INFO", "logger": "vidur.inspection_engine.engine", "message": "Inspection completed for project_id=demo-project health_score=80.0 findings=1", "module": "engine", "function": "run", "line": 93}
{"timestamp": "2026-08-01T08:44:36.493756+00:00", "level": "INFO", "logger": "vidur.inspection_engine.engine", "message": "Inspection started for project_id=demo-project root=C:\\Users\\ka447\\AppData\\Local\\Temp\\pytest-of-ka447\\pytest-10\\test_run_raises_for_invalid_pr0", "module": "engine", "function": "run", "line": 75}
{"timestamp": "2026-08-01T08:44:36.496756+00:00", "level": "INFO", "logger": "vidur.inspection_engine.engine", "message": "Inspection completed for project_id=demo-project health_score=80.0 findings=1", "module": "engine", "function": "run", "line": 93}
{"timestamp": "2026-08-01T08:44:36.501560+00:00", "level": "INFO", "logger": "vidur.inspection_engine.engine", "message": "Inspection started for project_id=project-a root=C:\\Users\\ka447\\AppData\\Local\\Temp\\pytest-of-ka447\\pytest-10\\test_run_raises_for_mismatched0", "module": "engine", "function": "run", "line": 75}
{"timestamp": "2026-08-01T08:44:36.503572+00:00", "level": "INFO", "logger": "vidur.inspection_engine.engine", "message": "Inspection completed for project_id=project-a health_score=80.0 findings=1", "module": "engine", "function": "run", "line": 93}
{"timestamp": "2026-08-01T08:44:36.507637+00:00", "level": "INFO", "logger": "vidur.inspection_engine.engine", "message": "Inspection started for project_id=demo-project root=C:\\Users\\ka447\\AppData\\Local\\Temp\\pytest-of-ka447\\pytest-10\\test_run_produces_reasoning_re0", "module": "engine", "function": "run", "line": 75}
{"timestamp": "2026-08-01T08:44:36.510749+00:00", "level": "INFO", "logger": "vidur.inspection_engine.engine", "message": "Inspection completed for project_id=demo-project health_score=80.0 findings=1", "module": "engine", "function": "run", "line": 93}
{"timestamp": "2026-08-01T08:44:36.512052+00:00", "level": "INFO", "logger": "vidur.ai_reasoning.engine", "message": "AI reasoning started for project_id=demo-project root=C:\\Users\\ka447\\AppData\\Local\\Temp\\pytest-of-ka447\\pytest-10\\test_run_produces_reasoning_re0", "module": "engine", "function": "run", "line": 80}
{"timestamp": "2026-08-01T08:44:36.512052+00:00", "level": "INFO", "logger": "vidur.ai_reasoning.engine", "message": "AI reasoning completed for project_id=demo-project recommendations=1", "module": "engine", "function": "run", "line": 102}
{"timestamp": "2026-08-01T08:44:36.515525+00:00", "level": "INFO", "logger": "vidur.inspection_engine.engine", "message": "Inspection started for project_id=demo-project root=C:\\Users\\ka447\\AppData\\Local\\Temp\\pytest-of-ka447\\pytest-10\\test_run_normalizes_project_id0", "module": "engine", "function": "run", "line": 75}
{"timestamp": "2026-08-01T08:44:36.518991+00:00", "level": "INFO", "logger": "vidur.inspection_engine.engine", "message": "Inspection completed for project_id=demo-project health_score=80.0 findings=1", "module": "engine", "function": "run", "line": 93}
{"timestamp": "2026-08-01T08:44:36.518991+00:00", "level": "INFO", "logger": "vidur.ai_reasoning.engine", "message": "AI reasoning started for project_id=demo-project root=C:\\Users\\ka447\\AppData\\Local\\Temp\\pytest-of-ka447\\pytest-10\\test_run_normalizes_project_id0", "module": "engine", "function": "run", "line": 80}
{"timestamp": "2026-08-01T08:44:36.519992+00:00", "level": "INFO", "logger": "vidur.ai_reasoning.engine", "message": "AI reasoning completed for project_id=demo-project recommendations=1", "module": "engine", "function": "run", "line": 102}
{"timestamp": "2026-08-01T08:44:36.623334+00:00", "level": "INFO", "logger": "vidur.inspection_engine.engine", "message": "Inspection started for project_id=demo-project root=C:\\Users\\ka447\\AppData\\Local\\Temp\\pytest-of-ka447\\pytest-10\\test_run_produces_completed_re0", "module": "engine", "function": "run", "line": 75}
{"timestamp": "2026-08-01T08:44:36.629335+00:00", "level": "INFO", "logger": "vidur.inspection_engine.engine", "message": "Inspection completed for project_id=demo-project health_score=100.0 findings=0", "module": "engine", "function": "run", "line": 93}
{"timestamp": "2026-08-01T08:44:36.632498+00:00", "level": "INFO", "logger": "vidur.inspection_engine.engine", "message": "Inspection started for project_id=demo-project root=C:\\Users\\ka447\\AppData\\Local\\Temp\\pytest-of-ka447\\pytest-10\\test_run_detects_findings_acro0", "module": "engine", "function": "run", "line": 75}
{"timestamp": "2026-08-01T08:44:36.635588+00:00", "level": "INFO", "logger": "vidur.inspection_engine.engine", "message": "Inspection completed for project_id=demo-project health_score=0.0 findings=2", "module": "engine", "function": "run", "line": 93}
{"timestamp": "2026-08-01T08:44:36.638588+00:00", "level": "INFO", "logger": "vidur.inspection_engine.engine", "message": "Inspection started for project_id=demo-project root=C:\\Users\\ka447\\AppData\\Local\\Temp\\pytest-of-ka447\\pytest-10\\test_run_with_previous_snapsho0", "module": "engine", "function": "run", "line": 75}
{"timestamp": "2026-08-01T08:44:36.640588+00:00", "level": "INFO", "logger": "vidur.inspection_engine.engine", "message": "Inspection completed for project_id=demo-project health_score=40.0 findings=1", "module": "engine", "function": "run", "line": 93}
{"timestamp": "2026-08-01T08:44:36.640588+00:00", "level": "INFO", "logger": "vidur.inspection_engine.engine", "message": "Inspection started for project_id=demo-project root=C:\\Users\\ka447\\AppData\\Local\\Temp\\pytest-of-ka447\\pytest-10\\test_run_with_previous_snapsho0", "module": "engine", "function": "run", "line": 75}
{"timestamp": "2026-08-01T08:44:36.642587+00:00", "level": "INFO", "logger": "vidur.inspection_engine.engine", "message": "Inspection completed for project_id=demo-project health_score=60.0 findings=2", "module": "engine", "function": "run", "line": 93}
{"timestamp": "2026-08-01T08:44:36.645586+00:00", "level": "INFO", "logger": "vidur.inspection_engine.engine", "message": "Inspection started for project_id=demo-project root=C:\\Users\\ka447\\AppData\\Local\\Temp\\pytest-of-ka447\\pytest-10\\test_run_normalizes_project_id1", "module": "engine", "function": "run", "line": 75}
{"timestamp": "2026-08-01T08:44:36.648584+00:00", "level": "INFO", "logger": "vidur.inspection_engine.engine", "message": "Inspection completed for project_id=demo-project health_score=40.0 findings=1", "module": "engine", "function": "run", "line": 93}
{"timestamp": "2026-08-01T08:44:36.762744+00:00", "level": "INFO", "logger": "vidur.inspection_engine.engine", "message": "Inspection started for project_id=demo-project root=C:\\Users\\ka447\\AppData\\Local\\Temp\\pytest-of-ka447\\pytest-10\\test_run_raises_when_feature_f2", "module": "engine", "function": "run", "line": 75}
{"timestamp": "2026-08-01T08:44:36.765403+00:00", "level": "INFO", "logger": "vidur.inspection_engine.engine", "message": "Inspection completed for project_id=demo-project health_score=100.0 findings=0", "module": "engine", "function": "run", "line": 93}
{"timestamp": "2026-08-01T08:44:36.770013+00:00", "level": "INFO", "logger": "vidur.inspection_engine.engine", "message": "Inspection started for project_id=demo-project root=C:\\Users\\ka447\\AppData\\Local\\Temp\\pytest-of-ka447\\pytest-10\\test_run_raises_for_invalid_pr2", "module": "engine", "function": "run", "line": 75}
{"timestamp": "2026-08-01T08:44:36.773271+00:00", "level": "INFO", "logger": "vidur.inspection_engine.engine", "message": "Inspection completed for project_id=demo-project health_score=100.0 findings=0", "module": "engine", "function": "run", "line": 93}
{"timestamp": "2026-08-01T08:44:36.776805+00:00", "level": "INFO", "logger": "vidur.inspection_engine.engine", "message": "Inspection started for project_id=project-a root=C:\\Users\\ka447\\AppData\\Local\\Temp\\pytest-of-ka447\\pytest-10\\test_run_raises_for_mismatched1", "module": "engine", "function": "run", "line": 75}
{"timestamp": "2026-08-01T08:44:36.783441+00:00", "level": "INFO", "logger": "vidur.inspection_engine.engine", "message": "Inspection completed for project_id=project-a health_score=100.0 findings=0", "module": "engine", "function": "run", "line": 93}
{"timestamp": "2026-08-01T08:44:36.787566+00:00", "level": "INFO", "logger": "vidur.inspection_engine.engine", "message": "Inspection started for project_id=demo-project root=C:\\Users\\ka447\\AppData\\Local\\Temp\\pytest-of-ka447\\pytest-10\\test_run_raises_for_mismatched2", "module": "engine", "function": "run", "line": 75}
{"timestamp": "2026-08-01T08:44:36.791566+00:00", "level": "INFO", "logger": "vidur.inspection_engine.engine", "message": "Inspection completed for project_id=demo-project health_score=100.0 findings=0", "module": "engine", "function": "run", "line": 93}
{"timestamp": "2026-08-01T08:44:36.792568+00:00", "level": "INFO", "logger": "vidur.ai_reasoning.engine", "message": "AI reasoning started for project_id=demo-project root=C:\\Users\\ka447\\AppData\\Local\\Temp\\pytest-of-ka447\\pytest-10\\test_run_raises_for_mismatched2", "module": "engine", "function": "run", "line": 80}
{"timestamp": "2026-08-01T08:44:36.792568+00:00", "level": "INFO", "logger": "vidur.ai_reasoning.engine", "message": "AI reasoning completed for project_id=demo-project recommendations=0", "module": "engine", "function": "run", "line": 102}
{"timestamp": "2026-08-01T08:44:36.796572+00:00", "level": "INFO", "logger": "vidur.inspection_engine.engine", "message": "Inspection started for project_id=demo-project root=C:\\Users\\ka447\\AppData\\Local\\Temp\\pytest-of-ka447\\pytest-10\\test_run_produces_ml_predictio0", "module": "engine", "function": "run", "line": 75}
{"timestamp": "2026-08-01T08:44:36.802570+00:00", "level": "INFO", "logger": "vidur.inspection_engine.engine", "message": "Inspection completed for project_id=demo-project health_score=100.0 findings=0", "module": "engine", "function": "run", "line": 93}
{"timestamp": "2026-08-01T08:44:36.803569+00:00", "level": "INFO", "logger": "vidur.ml_prediction.engine", "message": "ML prediction started for project_id=demo-project root=C:\\Users\\ka447\\AppData\\Local\\Temp\\pytest-of-ka447\\pytest-10\\test_run_produces_ml_predictio0", "module": "engine", "function": "run", "line": 103}
{"timestamp": "2026-08-01T08:44:36.803569+00:00", "level": "INFO", "logger": "vidur.ml_prediction.engine", "message": "ML prediction completed for project_id=demo-project failure_probability=0.1298", "module": "engine", "function": "run", "line": 127}
{"timestamp": "2026-08-01T08:44:36.806709+00:00", "level": "INFO", "logger": "vidur.inspection_engine.engine", "message": "Inspection started for project_id=demo-project root=C:\\Users\\ka447\\AppData\\Local\\Temp\\pytest-of-ka447\\pytest-10\\test_run_produces_ml_predictio1", "module": "engine", "function": "run", "line": 75}
{"timestamp": "2026-08-01T08:44:36.810770+00:00", "level": "INFO", "logger": "vidur.inspection_engine.engine", "message": "Inspection completed for project_id=demo-project health_score=100.0 findings=0", "module": "engine", "function": "run", "line": 93}
{"timestamp": "2026-08-01T08:44:36.810770+00:00", "level": "INFO", "logger": "vidur.ai_reasoning.engine", "message": "AI reasoning started for project_id=demo-project root=C:\\Users\\ka447\\AppData\\Local\\Temp\\pytest-of-ka447\\pytest-10\\test_run_produces_ml_predictio1", "module": "engine", "function": "run", "line": 80}
{"timestamp": "2026-08-01T08:44:36.811770+00:00", "level": "INFO", "logger": "vidur.ai_reasoning.engine", "message": "AI reasoning completed for project_id=demo-project recommendations=0", "module": "engine", "function": "run", "line": 102}
{"timestamp": "2026-08-01T08:44:36.811770+00:00", "level": "INFO", "logger": "vidur.ml_prediction.engine", "message": "ML prediction started for project_id=demo-project root=C:\\Users\\ka447\\AppData\\Local\\Temp\\pytest-of-ka447\\pytest-10\\test_run_produces_ml_predictio1", "module": "engine", "function": "run", "line": 103}
{"timestamp": "2026-08-01T08:44:36.811770+00:00", "level": "INFO", "logger": "vidur.ml_prediction.engine", "message": "ML prediction completed for project_id=demo-project failure_probability=0.1298", "module": "engine", "function": "run", "line": 127}
{"timestamp": "2026-08-01T08:44:36.815931+00:00", "level": "INFO", "logger": "vidur.inspection_engine.engine", "message": "Inspection started for project_id=demo-project root=C:\\Users\\ka447\\AppData\\Local\\Temp\\pytest-of-ka447\\pytest-10\\test_run_uses_historical_healt0", "module": "engine", "function": "run", "line": 75}
{"timestamp": "2026-08-01T08:44:36.819938+00:00", "level": "INFO", "logger": "vidur.inspection_engine.engine", "message": "Inspection completed for project_id=demo-project health_score=100.0 findings=0", "module": "engine", "function": "run", "line": 93}
{"timestamp": "2026-08-01T08:44:36.819938+00:00", "level": "INFO", "logger": "vidur.ml_prediction.engine", "message": "ML prediction started for project_id=demo-project root=C:\\Users\\ka447\\AppData\\Local\\Temp\\pytest-of-ka447\\pytest-10\\test_run_uses_historical_healt0", "module": "engine", "function": "run", "line": 103}
{"timestamp": "2026-08-01T08:44:36.819938+00:00", "level": "INFO", "logger": "vidur.ml_prediction.engine", "message": "ML prediction completed for project_id=demo-project failure_probability=0.1298", "module": "engine", "function": "run", "line": 127}
{"timestamp": "2026-08-01T08:44:36.823939+00:00", "level": "INFO", "logger": "vidur.inspection_engine.engine", "message": "Inspection started for project_id=demo-project root=C:\\Users\\ka447\\AppData\\Local\\Temp\\pytest-of-ka447\\pytest-10\\test_run_normalizes_project_id2", "module": "engine", "function": "run", "line": 75}
{"timestamp": "2026-08-01T08:44:36.828452+00:00", "level": "INFO", "logger": "vidur.inspection_engine.engine", "message": "Inspection completed for project_id=demo-project health_score=100.0 findings=0", "module": "engine", "function": "run", "line": 93}
{"timestamp": "2026-08-01T08:44:36.828452+00:00", "level": "INFO", "logger": "vidur.ml_prediction.engine", "message": "ML prediction started for project_id=demo-project root=C:\\Users\\ka447\\AppData\\Local\\Temp\\pytest-of-ka447\\pytest-10\\test_run_normalizes_project_id2", "module": "engine", "function": "run", "line": 103}
{"timestamp": "2026-08-01T08:44:36.829452+00:00", "level": "INFO", "logger": "vidur.ml_prediction.engine", "message": "ML prediction completed for project_id=demo-project failure_probability=0.1298", "module": "engine", "function": "run", "line": 127}
{"timestamp": "2026-08-01T08:44:36.853637+00:00", "level": "WARNING", "logger": "vidur.nlp.code_intent_extractor", "message": "Skipping unparseable file app/broken.py: invalid syntax (app/broken.py, line 1)", "module": "code_intent_extractor", "function": "extract", "line": 56}
{"timestamp": "2026-08-01T08:44:36.861055+00:00", "level": "WARNING", "logger": "vidur.nlp.code_intent_extractor", "message": "Skipping unparseable file app/broken.py: invalid syntax (app/broken.py, line 1)", "module": "code_intent_extractor", "function": "extract", "line": 56}
{"timestamp": "2026-08-01T08:44:36.871064+00:00", "level": "WARNING", "logger": "vidur.nlp.code_intent_extractor", "message": "Skipping unparseable file app/broken.py: invalid syntax (app/broken.py, line 1)", "module": "code_intent_extractor", "function": "extract", "line": 56}
{"timestamp": "2026-08-01T08:44:36.915928+00:00", "level": "INFO", "logger": "vidur.nlp.engine", "message": "NLP analysis started for project_id=demo-project root=C:\\Users\\ka447\\AppData\\Local\\Temp\\pytest-of-ka447\\pytest-10\\test_run_produces_nlp_report0", "module": "engine", "function": "run", "line": 76}
{"timestamp": "2026-08-01T08:44:36.919828+00:00", "level": "INFO", "logger": "vidur.nlp.engine", "message": "NLP analysis completed for project_id=demo-project consistency_findings=0", "module": "engine", "function": "run", "line": 94}
{"timestamp": "2026-08-01T08:44:36.923861+00:00", "level": "INFO", "logger": "vidur.nlp.engine", "message": "NLP analysis started for project_id=demo-project root=C:\\Users\\ka447\\AppData\\Local\\Temp\\pytest-of-ka447\\pytest-10\\test_run_includes_semantic_res0", "module": "engine", "function": "run", "line": 76}
{"timestamp": "2026-08-01T08:44:36.928568+00:00", "level": "INFO", "logger": "vidur.nlp.engine", "message": "NLP analysis completed for project_id=demo-project consistency_findings=0", "module": "engine", "function": "run", "line": 94}
{"timestamp": "2026-08-01T08:44:36.933836+00:00", "level": "INFO", "logger": "vidur.nlp.engine", "message": "NLP analysis started for project_id=demo-project root=C:\\Users\\ka447\\AppData\\Local\\Temp\\pytest-of-ka447\\pytest-10\\test_run_normalizes_project_id3", "module": "engine", "function": "run", "line": 76}
{"timestamp": "2026-08-01T08:44:36.936843+00:00", "level": "INFO", "logger": "vidur.nlp.engine", "message": "NLP analysis completed for project_id=demo-project consistency_findings=0", "module": "engine", "function": "run", "line": 94}
{"timestamp": "2026-08-01T08:45:07.234364+00:00", "level": "INFO", "logger": "vidur.inspection_engine.engine", "message": "Inspection started for project_id=vidur-self-test root=.", "module": "engine", "function": "run", "line": 75}
{"timestamp": "2026-08-01T08:45:07.422274+00:00", "level": "INFO", "logger": "vidur.inspection_engine.engine", "message": "Inspection completed for project_id=vidur-self-test health_score=72.78 findings=49", "module": "engine", "function": "run", "line": 93}
{"timestamp": "2026-08-01T08:45:07.423456+00:00", "level": "INFO", "logger": "vidur.ai_reasoning.engine", "message": "AI reasoning started for project_id=vidur-self-test root=.", "module": "engine", "function": "run", "line": 80}
{"timestamp": "2026-08-01T08:45:07.477515+00:00", "level": "INFO", "logger": "vidur.ai_reasoning.engine", "message": "AI reasoning completed for project_id=vidur-self-test recommendations=48", "module": "engine", "function": "run", "line": 102}
{"timestamp": "2026-08-01T08:45:07.477515+00:00", "level": "INFO", "logger": "vidur.ml_prediction.engine", "message": "ML prediction started for project_id=vidur-self-test root=.", "module": "engine", "function": "run", "line": 103}
{"timestamp": "2026-08-01T08:45:07.478526+00:00", "level": "INFO", "logger": "vidur.ml_prediction.engine", "message": "ML prediction completed for project_id=vidur-self-test failure_probability=0.5131", "module": "engine", "function": "run", "line": 127}
{"timestamp": "2026-08-01T09:02:57.563881+00:00", "level": "INFO", "logger": "vidur.deep_learning_vision.engine", "message": "Visual comparison started for project_id=demo-project baseline=homepage current=homepage", "module": "engine", "function": "run", "line": 102}
{"timestamp": "2026-08-01T09:02:57.565888+00:00", "level": "INFO", "logger": "vidur.deep_learning_vision.engine", "message": "Visual comparison started for project_id=demo-project baseline=homepage current=homepage", "module": "engine", "function": "run", "line": 102}
{"timestamp": "2026-08-01T09:02:57.565888+00:00", "level": "INFO", "logger": "vidur.deep_learning_vision.engine", "message": "Visual comparison started for project_id=demo-project baseline=homepage current=homepage", "module": "engine", "function": "run", "line": 102}
{"timestamp": "2026-08-01T09:02:57.565888+00:00", "level": "INFO", "logger": "vidur.deep_learning_vision.engine", "message": "Visual comparison completed for project_id=demo-project verdict=regression", "module": "engine", "function": "run", "line": 126}
{"timestamp": "2026-08-01T09:02:57.567895+00:00", "level": "INFO", "logger": "vidur.deep_learning_vision.engine", "message": "Visual comparison started for project_id=demo-project baseline=homepage current=homepage", "module": "engine", "function": "run", "line": 102}
{"timestamp": "2026-08-01T09:02:57.568900+00:00", "level": "INFO", "logger": "vidur.deep_learning_vision.engine", "message": "Visual comparison completed for project_id=demo-project verdict=regression", "module": "engine", "function": "run", "line": 126}
{"timestamp": "2026-08-01T09:02:57.568900+00:00", "level": "INFO", "logger": "vidur.deep_learning_vision.engine", "message": "Visual comparison started for project_id=demo-project baseline=homepage current=homepage", "module": "engine", "function": "run", "line": 102}
{"timestamp": "2026-08-01T09:02:57.568900+00:00", "level": "INFO", "logger": "vidur.deep_learning_vision.engine", "message": "Visual comparison completed for project_id=demo-project verdict=match", "module": "engine", "function": "run", "line": 126}
{"timestamp": "2026-08-01T09:02:57.570909+00:00", "level": "INFO", "logger": "vidur.deep_learning_vision.engine", "message": "Visual comparison started for project_id=demo-project baseline=homepage current=homepage", "module": "engine", "function": "run", "line": 102}
{"timestamp": "2026-08-01T09:02:57.570909+00:00", "level": "INFO", "logger": "vidur.deep_learning_vision.engine", "message": "Visual comparison completed for project_id=demo-project verdict=match", "module": "engine", "function": "run", "line": 126}
{"timestamp": "2026-08-01T09:03:05.454314+00:00", "level": "INFO", "logger": "vidur.inspection_engine.engine", "message": "Inspection started for project_id=demo-project root=C:\\Users\\ka447\\AppData\\Local\\Temp\\pytest-of-ka447\\pytest-11\\test_run_raises_when_feature_f0", "module": "engine", "function": "run", "line": 75}
{"timestamp": "2026-08-01T09:03:05.457542+00:00", "level": "INFO", "logger": "vidur.inspection_engine.engine", "message": "Inspection completed for project_id=demo-project health_score=80.0 findings=1", "module": "engine", "function": "run", "line": 93}
{"timestamp": "2026-08-01T09:03:05.462401+00:00", "level": "INFO", "logger": "vidur.inspection_engine.engine", "message": "Inspection started for project_id=demo-project root=C:\\Users\\ka447\\AppData\\Local\\Temp\\pytest-of-ka447\\pytest-11\\test_run_raises_for_invalid_pr0", "module": "engine", "function": "run", "line": 75}
{"timestamp": "2026-08-01T09:03:05.465435+00:00", "level": "INFO", "logger": "vidur.inspection_engine.engine", "message": "Inspection completed for project_id=demo-project health_score=80.0 findings=1", "module": "engine", "function": "run", "line": 93}
{"timestamp": "2026-08-01T09:03:05.469463+00:00", "level": "INFO", "logger": "vidur.inspection_engine.engine", "message": "Inspection started for project_id=project-a root=C:\\Users\\ka447\\AppData\\Local\\Temp\\pytest-of-ka447\\pytest-11\\test_run_raises_for_mismatched0", "module": "engine", "function": "run", "line": 75}
{"timestamp": "2026-08-01T09:03:05.473531+00:00", "level": "INFO", "logger": "vidur.inspection_engine.engine", "message": "Inspection completed for project_id=project-a health_score=80.0 findings=1", "module": "engine", "function": "run", "line": 93}
{"timestamp": "2026-08-01T09:03:05.478358+00:00", "level": "INFO", "logger": "vidur.inspection_engine.engine", "message": "Inspection started for project_id=demo-project root=C:\\Users\\ka447\\AppData\\Local\\Temp\\pytest-of-ka447\\pytest-11\\test_run_produces_reasoning_re0", "module": "engine", "function": "run", "line": 75}
{"timestamp": "2026-08-01T09:03:05.482635+00:00", "level": "INFO", "logger": "vidur.inspection_engine.engine", "message": "Inspection completed for project_id=demo-project health_score=80.0 findings=1", "module": "engine", "function": "run", "line": 93}
{"timestamp": "2026-08-01T09:03:05.483786+00:00", "level": "INFO", "logger": "vidur.ai_reasoning.engine", "message": "AI reasoning started for project_id=demo-project root=C:\\Users\\ka447\\AppData\\Local\\Temp\\pytest-of-ka447\\pytest-11\\test_run_produces_reasoning_re0", "module": "engine", "function": "run", "line": 80}
{"timestamp": "2026-08-01T09:03:05.483786+00:00", "level": "INFO", "logger": "vidur.ai_reasoning.engine", "message": "AI reasoning completed for project_id=demo-project recommendations=1", "module": "engine", "function": "run", "line": 102}
{"timestamp": "2026-08-01T09:03:05.487121+00:00", "level": "INFO", "logger": "vidur.inspection_engine.engine", "message": "Inspection started for project_id=demo-project root=C:\\Users\\ka447\\AppData\\Local\\Temp\\pytest-of-ka447\\pytest-11\\test_run_normalizes_project_id0", "module": "engine", "function": "run", "line": 75}
{"timestamp": "2026-08-01T09:03:05.487121+00:00", "level": "INFO", "logger": "vidur.inspection_engine.engine", "message": "Inspection completed for project_id=demo-project health_score=80.0 findings=1", "module": "engine", "function": "run", "line": 93}
{"timestamp": "2026-08-01T09:03:05.487121+00:00", "level": "INFO", "logger": "vidur.ai_reasoning.engine", "message": "AI reasoning started for project_id=demo-project root=C:\\Users\\ka447\\AppData\\Local\\Temp\\pytest-of-ka447\\pytest-11\\test_run_normalizes_project_id0", "module": "engine", "function": "run", "line": 80}
{"timestamp": "2026-08-01T09:03:05.487121+00:00", "level": "INFO", "logger": "vidur.ai_reasoning.engine", "message": "AI reasoning completed for project_id=demo-project recommendations=1", "module": "engine", "function": "run", "line": 102}
{"timestamp": "2026-08-01T09:03:05.503888+00:00", "level": "INFO", "logger": "vidur.deep_learning_vision.engine", "message": "Visual comparison started for project_id=demo-project baseline=homepage current=homepage", "module": "engine", "function": "run", "line": 102}
{"timestamp": "2026-08-01T09:03:05.503888+00:00", "level": "INFO", "logger": "vidur.deep_learning_vision.engine", "message": "Visual comparison started for project_id=demo-project baseline=homepage current=homepage", "module": "engine", "function": "run", "line": 102}
{"timestamp": "2026-08-01T09:03:05.503888+00:00", "level": "INFO", "logger": "vidur.deep_learning_vision.engine", "message": "Visual comparison started for project_id=demo-project baseline=homepage current=homepage", "module": "engine", "function": "run", "line": 102}
{"timestamp": "2026-08-01T09:03:05.503888+00:00", "level": "INFO", "logger": "vidur.deep_learning_vision.engine", "message": "Visual comparison completed for project_id=demo-project verdict=regression", "module": "engine", "function": "run", "line": 126}
{"timestamp": "2026-08-01T09:03:05.503888+00:00", "level": "INFO", "logger": "vidur.deep_learning_vision.engine", "message": "Visual comparison started for project_id=demo-project baseline=homepage current=homepage", "module": "engine", "function": "run", "line": 102}
{"timestamp": "2026-08-01T09:03:05.503888+00:00", "level": "INFO", "logger": "vidur.deep_learning_vision.engine", "message": "Visual comparison completed for project_id=demo-project verdict=regression", "module": "engine", "function": "run", "line": 126}
{"timestamp": "2026-08-01T09:03:05.503888+00:00", "level": "INFO", "logger": "vidur.deep_learning_vision.engine", "message": "Visual comparison started for project_id=demo-project baseline=homepage current=homepage", "module": "engine", "function": "run", "line": 102}
{"timestamp": "2026-08-01T09:03:05.503888+00:00", "level": "INFO", "logger": "vidur.deep_learning_vision.engine", "message": "Visual comparison completed for project_id=demo-project verdict=match", "module": "engine", "function": "run", "line": 126}
{"timestamp": "2026-08-01T09:03:05.510498+00:00", "level": "INFO", "logger": "vidur.deep_learning_vision.engine", "message": "Visual comparison started for project_id=demo-project baseline=homepage current=homepage", "module": "engine", "function": "run", "line": 102}
{"timestamp": "2026-08-01T09:03:05.510498+00:00", "level": "INFO", "logger": "vidur.deep_learning_vision.engine", "message": "Visual comparison completed for project_id=demo-project verdict=match", "module": "engine", "function": "run", "line": 126}
{"timestamp": "2026-08-01T09:03:05.607768+00:00", "level": "INFO", "logger": "vidur.inspection_engine.engine", "message": "Inspection started for project_id=demo-project root=C:\\Users\\ka447\\AppData\\Local\\Temp\\pytest-of-ka447\\pytest-11\\test_run_produces_completed_re0", "module": "engine", "function": "run", "line": 75}
{"timestamp": "2026-08-01T09:03:05.607768+00:00", "level": "INFO", "logger": "vidur.inspection_engine.engine", "message": "Inspection completed for project_id=demo-project health_score=100.0 findings=0", "module": "engine", "function": "run", "line": 93}
{"timestamp": "2026-08-01T09:03:05.607768+00:00", "level": "INFO", "logger": "vidur.inspection_engine.engine", "message": "Inspection started for project_id=demo-project root=C:\\Users\\ka447\\AppData\\Local\\Temp\\pytest-of-ka447\\pytest-11\\test_run_detects_findings_acro0", "module": "engine", "function": "run", "line": 75}
{"timestamp": "2026-08-01T09:03:05.607768+00:00", "level": "INFO", "logger": "vidur.inspection_engine.engine", "message": "Inspection completed for project_id=demo-project health_score=0.0 findings=2", "module": "engine", "function": "run", "line": 93}
{"timestamp": "2026-08-01T09:03:05.618486+00:00", "level": "INFO", "logger": "vidur.inspection_engine.engine", "message": "Inspection started for project_id=demo-project root=C:\\Users\\ka447\\AppData\\Local\\Temp\\pytest-of-ka447\\pytest-11\\test_run_with_previous_snapsho0", "module": "engine", "function": "run", "line": 75}
{"timestamp": "2026-08-01T09:03:05.618486+00:00", "level": "INFO", "logger": "vidur.inspection_engine.engine", "message": "Inspection completed for project_id=demo-project health_score=40.0 findings=1", "module": "engine", "function": "run", "line": 93}
{"timestamp": "2026-08-01T09:03:05.623791+00:00", "level": "INFO", "logger": "vidur.inspection_engine.engine", "message": "Inspection started for project_id=demo-project root=C:\\Users\\ka447\\AppData\\Local\\Temp\\pytest-of-ka447\\pytest-11\\test_run_with_previous_snapsho0", "module": "engine", "function": "run", "line": 75}
{"timestamp": "2026-08-01T09:03:05.623791+00:00", "level": "INFO", "logger": "vidur.inspection_engine.engine", "message": "Inspection completed for project_id=demo-project health_score=60.0 findings=2", "module": "engine", "function": "run", "line": 93}
{"timestamp": "2026-08-01T09:03:05.628812+00:00", "level": "INFO", "logger": "vidur.inspection_engine.engine", "message": "Inspection started for project_id=demo-project root=C:\\Users\\ka447\\AppData\\Local\\Temp\\pytest-of-ka447\\pytest-11\\test_run_normalizes_project_id1", "module": "engine", "function": "run", "line": 75}
{"timestamp": "2026-08-01T09:03:05.628812+00:00", "level": "INFO", "logger": "vidur.inspection_engine.engine", "message": "Inspection completed for project_id=demo-project health_score=40.0 findings=1", "module": "engine", "function": "run", "line": 93}
{"timestamp": "2026-08-01T09:03:05.662792+00:00", "level": "INFO", "logger": "vidur.inspection_engine.engine", "message": "Inspection started for project_id=demo-project root=C:\\Users\\ka447\\AppData\\Local\\Temp\\pytest-of-ka447\\pytest-11\\test_run_raises_when_feature_f2", "module": "engine", "function": "run", "line": 75}
{"timestamp": "2026-08-01T09:03:05.666677+00:00", "level": "INFO", "logger": "vidur.inspection_engine.engine", "message": "Inspection completed for project_id=demo-project health_score=100.0 findings=0", "module": "engine", "function": "run", "line": 93}
{"timestamp": "2026-08-01T09:03:05.672342+00:00", "level": "INFO", "logger": "vidur.inspection_engine.engine", "message": "Inspection started for project_id=demo-project root=C:\\Users\\ka447\\AppData\\Local\\Temp\\pytest-of-ka447\\pytest-11\\test_run_raises_for_invalid_pr2", "module": "engine", "function": "run", "line": 75}
{"timestamp": "2026-08-01T09:03:05.678354+00:00", "level": "INFO", "logger": "vidur.inspection_engine.engine", "message": "Inspection completed for project_id=demo-project health_score=100.0 findings=0", "module": "engine", "function": "run", "line": 93}
{"timestamp": "2026-08-01T09:03:05.682632+00:00", "level": "INFO", "logger": "vidur.inspection_engine.engine", "message": "Inspection started for project_id=project-a root=C:\\Users\\ka447\\AppData\\Local\\Temp\\pytest-of-ka447\\pytest-11\\test_run_raises_for_mismatched1", "module": "engine", "function": "run", "line": 75}
{"timestamp": "2026-08-01T09:03:05.683230+00:00", "level": "INFO", "logger": "vidur.inspection_engine.engine", "message": "Inspection completed for project_id=project-a health_score=100.0 findings=0", "module": "engine", "function": "run", "line": 93}
{"timestamp": "2026-08-01T09:03:05.688683+00:00", "level": "INFO", "logger": "vidur.inspection_engine.engine", "message": "Inspection started for project_id=demo-project root=C:\\Users\\ka447\\AppData\\Local\\Temp\\pytest-of-ka447\\pytest-11\\test_run_raises_for_mismatched2", "module": "engine", "function": "run", "line": 75}
{"timestamp": "2026-08-01T09:03:05.692859+00:00", "level": "INFO", "logger": "vidur.inspection_engine.engine", "message": "Inspection completed for project_id=demo-project health_score=100.0 findings=0", "module": "engine", "function": "run", "line": 93}
{"timestamp": "2026-08-01T09:03:05.694866+00:00", "level": "INFO", "logger": "vidur.ai_reasoning.engine", "message": "AI reasoning started for project_id=demo-project root=C:\\Users\\ka447\\AppData\\Local\\Temp\\pytest-of-ka447\\pytest-11\\test_run_raises_for_mismatched2", "module": "engine", "function": "run", "line": 80}
{"timestamp": "2026-08-01T09:03:05.694866+00:00", "level": "INFO", "logger": "vidur.ai_reasoning.engine", "message": "AI reasoning completed for project_id=demo-project recommendations=0", "module": "engine", "function": "run", "line": 102}
{"timestamp": "2026-08-01T09:03:05.698877+00:00", "level": "INFO", "logger": "vidur.inspection_engine.engine", "message": "Inspection started for project_id=demo-project root=C:\\Users\\ka447\\AppData\\Local\\Temp\\pytest-of-ka447\\pytest-11\\test_run_produces_ml_predictio0", "module": "engine", "function": "run", "line": 75}
{"timestamp": "2026-08-01T09:03:05.705447+00:00", "level": "INFO", "logger": "vidur.inspection_engine.engine", "message": "Inspection completed for project_id=demo-project health_score=100.0 findings=0", "module": "engine", "function": "run", "line": 93}
{"timestamp": "2026-08-01T09:03:05.706067+00:00", "level": "INFO", "logger": "vidur.ml_prediction.engine", "message": "ML prediction started for project_id=demo-project root=C:\\Users\\ka447\\AppData\\Local\\Temp\\pytest-of-ka447\\pytest-11\\test_run_produces_ml_predictio0", "module": "engine", "function": "run", "line": 103}
{"timestamp": "2026-08-01T09:03:05.706067+00:00", "level": "INFO", "logger": "vidur.ml_prediction.engine", "message": "ML prediction completed for project_id=demo-project failure_probability=0.1298", "module": "engine", "function": "run", "line": 127}
{"timestamp": "2026-08-01T09:03:05.710129+00:00", "level": "INFO", "logger": "vidur.inspection_engine.engine", "message": "Inspection started for project_id=demo-project root=C:\\Users\\ka447\\AppData\\Local\\Temp\\pytest-of-ka447\\pytest-11\\test_run_produces_ml_predictio1", "module": "engine", "function": "run", "line": 75}
{"timestamp": "2026-08-01T09:03:05.715031+00:00", "level": "INFO", "logger": "vidur.inspection_engine.engine", "message": "Inspection completed for project_id=demo-project health_score=100.0 findings=0", "module": "engine", "function": "run", "line": 93}
{"timestamp": "2026-08-01T09:03:05.715031+00:00", "level": "INFO", "logger": "vidur.ai_reasoning.engine", "message": "AI reasoning started for project_id=demo-project root=C:\\Users\\ka447\\AppData\\Local\\Temp\\pytest-of-ka447\\pytest-11\\test_run_produces_ml_predictio1", "module": "engine", "function": "run", "line": 80}
{"timestamp": "2026-08-01T09:03:05.716008+00:00", "level": "INFO", "logger": "vidur.ai_reasoning.engine", "message": "AI reasoning completed for project_id=demo-project recommendations=0", "module": "engine", "function": "run", "line": 102}
{"timestamp": "2026-08-01T09:03:05.716008+00:00", "level": "INFO", "logger": "vidur.ml_prediction.engine", "message": "ML prediction started for project_id=demo-project root=C:\\Users\\ka447\\AppData\\Local\\Temp\\pytest-of-ka447\\pytest-11\\test_run_produces_ml_predictio1", "module": "engine", "function": "run", "line": 103}
{"timestamp": "2026-08-01T09:03:05.716008+00:00", "level": "INFO", "logger": "vidur.ml_prediction.engine", "message": "ML prediction completed for project_id=demo-project failure_probability=0.1298", "module": "engine", "function": "run", "line": 127}
{"timestamp": "2026-08-01T09:03:05.718803+00:00", "level": "INFO", "logger": "vidur.inspection_engine.engine", "message": "Inspection started for project_id=demo-project root=C:\\Users\\ka447\\AppData\\Local\\Temp\\pytest-of-ka447\\pytest-11\\test_run_uses_historical_healt0", "module": "engine", "function": "run", "line": 75}
{"timestamp": "2026-08-01T09:03:05.718803+00:00", "level": "INFO", "logger": "vidur.inspection_engine.engine", "message": "Inspection completed for project_id=demo-project health_score=100.0 findings=0", "module": "engine", "function": "run", "line": 93}
{"timestamp": "2026-08-01T09:03:05.718803+00:00", "level": "INFO", "logger": "vidur.ml_prediction.engine", "message": "ML prediction started for project_id=demo-project root=C:\\Users\\ka447\\AppData\\Local\\Temp\\pytest-of-ka447\\pytest-11\\test_run_uses_historical_healt0", "module": "engine", "function": "run", "line": 103}
{"timestamp": "2026-08-01T09:03:05.724047+00:00", "level": "INFO", "logger": "vidur.ml_prediction.engine", "message": "ML prediction completed for project_id=demo-project failure_probability=0.1298", "module": "engine", "function": "run", "line": 127}
{"timestamp": "2026-08-01T09:03:05.727058+00:00", "level": "INFO", "logger": "vidur.inspection_engine.engine", "message": "Inspection started for project_id=demo-project root=C:\\Users\\ka447\\AppData\\Local\\Temp\\pytest-of-ka447\\pytest-11\\test_run_normalizes_project_id2", "module": "engine", "function": "run", "line": 75}
{"timestamp": "2026-08-01T09:03:05.727058+00:00", "level": "INFO", "logger": "vidur.inspection_engine.engine", "message": "Inspection completed for project_id=demo-project health_score=100.0 findings=0", "module": "engine", "function": "run", "line": 93}
{"timestamp": "2026-08-01T09:03:05.727058+00:00", "level": "INFO", "logger": "vidur.ml_prediction.engine", "message": "ML prediction started for project_id=demo-project root=C:\\Users\\ka447\\AppData\\Local\\Temp\\pytest-of-ka447\\pytest-11\\test_run_normalizes_project_id2", "module": "engine", "function": "run", "line": 103}
{"timestamp": "2026-08-01T09:03:05.727058+00:00", "level": "INFO", "logger": "vidur.ml_prediction.engine", "message": "ML prediction completed for project_id=demo-project failure_probability=0.1298", "module": "engine", "function": "run", "line": 127}
{"timestamp": "2026-08-01T09:03:05.755878+00:00", "level": "WARNING", "logger": "vidur.nlp.code_intent_extractor", "message": "Skipping unparseable file app/broken.py: invalid syntax (app/broken.py, line 1)", "module": "code_intent_extractor", "function": "extract", "line": 56}
{"timestamp": "2026-08-01T09:03:05.755878+00:00", "level": "WARNING", "logger": "vidur.nlp.code_intent_extractor", "message": "Skipping unparseable file app/broken.py: invalid syntax (app/broken.py, line 1)", "module": "code_intent_extractor", "function": "extract", "line": 56}
{"timestamp": "2026-08-01T09:03:05.768810+00:00", "level": "WARNING", "logger": "vidur.nlp.code_intent_extractor", "message": "Skipping unparseable file app/broken.py: invalid syntax (app/broken.py, line 1)", "module": "code_intent_extractor", "function": "extract", "line": 56}
{"timestamp": "2026-08-01T09:03:05.822965+00:00", "level": "INFO", "logger": "vidur.nlp.engine", "message": "NLP analysis started for project_id=demo-project root=C:\\Users\\ka447\\AppData\\Local\\Temp\\pytest-of-ka447\\pytest-11\\test_run_produces_nlp_report0", "module": "engine", "function": "run", "line": 76}
{"timestamp": "2026-08-01T09:03:05.827316+00:00", "level": "INFO", "logger": "vidur.nlp.engine", "message": "NLP analysis completed for project_id=demo-project consistency_findings=0", "module": "engine", "function": "run", "line": 94}
{"timestamp": "2026-08-01T09:03:05.830587+00:00", "level": "INFO", "logger": "vidur.nlp.engine", "message": "NLP analysis started for project_id=demo-project root=C:\\Users\\ka447\\AppData\\Local\\Temp\\pytest-of-ka447\\pytest-11\\test_run_includes_semantic_res0", "module": "engine", "function": "run", "line": 76}
{"timestamp": "2026-08-01T09:03:05.832444+00:00", "level": "INFO", "logger": "vidur.nlp.engine", "message": "NLP analysis completed for project_id=demo-project consistency_findings=0", "module": "engine", "function": "run", "line": 94}
{"timestamp": "2026-08-01T09:03:05.839440+00:00", "level": "INFO", "logger": "vidur.nlp.engine", "message": "NLP analysis started for project_id=demo-project root=C:\\Users\\ka447\\AppData\\Local\\Temp\\pytest-of-ka447\\pytest-11\\test_run_normalizes_project_id3", "module": "engine", "function": "run", "line": 76}
{"timestamp": "2026-08-01T09:03:05.839440+00:00", "level": "INFO", "logger": "vidur.nlp.engine", "message": "NLP analysis completed for project_id=demo-project consistency_findings=0", "module": "engine", "function": "run", "line": 94}
{"timestamp": "2026-08-01T09:04:06.572089+00:00", "level": "INFO", "logger": "vidur.inspection_engine.engine", "message": "Inspection started for project_id=demo-project root=C:\\Users\\ka447\\AppData\\Local\\Temp\\pytest-of-ka447\\pytest-12\\test_run_raises_when_feature_f0", "module": "engine", "function": "run", "line": 75}
{"timestamp": "2026-08-01T09:04:06.578350+00:00", "level": "INFO", "logger": "vidur.inspection_engine.engine", "message": "Inspection completed for project_id=demo-project health_score=80.0 findings=1", "module": "engine", "function": "run", "line": 93}
{"timestamp": "2026-08-01T09:04:06.578350+00:00", "level": "INFO", "logger": "vidur.inspection_engine.engine", "message": "Inspection started for project_id=demo-project root=C:\\Users\\ka447\\AppData\\Local\\Temp\\pytest-of-ka447\\pytest-12\\test_run_raises_for_invalid_pr0", "module": "engine", "function": "run", "line": 75}
{"timestamp": "2026-08-01T09:04:06.586546+00:00", "level": "INFO", "logger": "vidur.inspection_engine.engine", "message": "Inspection completed for project_id=demo-project health_score=80.0 findings=1", "module": "engine", "function": "run", "line": 93}
{"timestamp": "2026-08-01T09:04:06.586546+00:00", "level": "INFO", "logger": "vidur.inspection_engine.engine", "message": "Inspection started for project_id=project-a root=C:\\Users\\ka447\\AppData\\Local\\Temp\\pytest-of-ka447\\pytest-12\\test_run_raises_for_mismatched0", "module": "engine", "function": "run", "line": 75}
{"timestamp": "2026-08-01T09:04:06.593595+00:00", "level": "INFO", "logger": "vidur.inspection_engine.engine", "message": "Inspection completed for project_id=project-a health_score=80.0 findings=1", "module": "engine", "function": "run", "line": 93}
{"timestamp": "2026-08-01T09:04:06.597491+00:00", "level": "INFO", "logger": "vidur.inspection_engine.engine", "message": "Inspection started for project_id=demo-project root=C:\\Users\\ka447\\AppData\\Local\\Temp\\pytest-of-ka447\\pytest-12\\test_run_produces_reasoning_re0", "module": "engine", "function": "run", "line": 75}
{"timestamp": "2026-08-01T09:04:06.600516+00:00", "level": "INFO", "logger": "vidur.inspection_engine.engine", "message": "Inspection completed for project_id=demo-project health_score=80.0 findings=1", "module": "engine", "function": "run", "line": 93}
{"timestamp": "2026-08-01T09:04:06.600516+00:00", "level": "INFO", "logger": "vidur.ai_reasoning.engine", "message": "AI reasoning started for project_id=demo-project root=C:\\Users\\ka447\\AppData\\Local\\Temp\\pytest-of-ka447\\pytest-12\\test_run_produces_reasoning_re0", "module": "engine", "function": "run", "line": 80}
{"timestamp": "2026-08-01T09:04:06.600516+00:00", "level": "INFO", "logger": "vidur.ai_reasoning.engine", "message": "AI reasoning completed for project_id=demo-project recommendations=1", "module": "engine", "function": "run", "line": 102}
{"timestamp": "2026-08-01T09:04:06.604528+00:00", "level": "INFO", "logger": "vidur.inspection_engine.engine", "message": "Inspection started for project_id=demo-project root=C:\\Users\\ka447\\AppData\\Local\\Temp\\pytest-of-ka447\\pytest-12\\test_run_normalizes_project_id0", "module": "engine", "function": "run", "line": 75}
{"timestamp": "2026-08-01T09:04:06.609355+00:00", "level": "INFO", "logger": "vidur.inspection_engine.engine", "message": "Inspection completed for project_id=demo-project health_score=80.0 findings=1", "module": "engine", "function": "run", "line": 93}
{"timestamp": "2026-08-01T09:04:06.609355+00:00", "level": "INFO", "logger": "vidur.ai_reasoning.engine", "message": "AI reasoning started for project_id=demo-project root=C:\\Users\\ka447\\AppData\\Local\\Temp\\pytest-of-ka447\\pytest-12\\test_run_normalizes_project_id0", "module": "engine", "function": "run", "line": 80}
{"timestamp": "2026-08-01T09:04:06.609355+00:00", "level": "INFO", "logger": "vidur.ai_reasoning.engine", "message": "AI reasoning completed for project_id=demo-project recommendations=1", "module": "engine", "function": "run", "line": 102}
{"timestamp": "2026-08-01T09:04:06.628724+00:00", "level": "INFO", "logger": "vidur.deep_learning_vision.engine", "message": "Visual comparison started for project_id=demo-project baseline=homepage current=homepage", "module": "engine", "function": "run", "line": 102}
{"timestamp": "2026-08-01T09:04:06.628724+00:00", "level": "INFO", "logger": "vidur.deep_learning_vision.engine", "message": "Visual comparison started for project_id=demo-project baseline=homepage current=homepage", "module": "engine", "function": "run", "line": 102}
{"timestamp": "2026-08-01T09:04:06.630729+00:00", "level": "INFO", "logger": "vidur.deep_learning_vision.engine", "message": "Visual comparison started for project_id=demo-project baseline=homepage current=homepage", "module": "engine", "function": "run", "line": 102}
{"timestamp": "2026-08-01T09:04:06.630729+00:00", "level": "INFO", "logger": "vidur.deep_learning_vision.engine", "message": "Visual comparison completed for project_id=demo-project verdict=regression", "module": "engine", "function": "run", "line": 126}
{"timestamp": "2026-08-01T09:04:06.630729+00:00", "level": "INFO", "logger": "vidur.deep_learning_vision.engine", "message": "Visual comparison started for project_id=demo-project baseline=homepage current=homepage", "module": "engine", "function": "run", "line": 102}
{"timestamp": "2026-08-01T09:04:06.630729+00:00", "level": "INFO", "logger": "vidur.deep_learning_vision.engine", "message": "Visual comparison completed for project_id=demo-project verdict=regression", "module": "engine", "function": "run", "line": 126}
{"timestamp": "2026-08-01T09:04:06.635360+00:00", "level": "INFO", "logger": "vidur.deep_learning_vision.engine", "message": "Visual comparison started for project_id=demo-project baseline=homepage current=homepage", "module": "engine", "function": "run", "line": 102}
{"timestamp": "2026-08-01T09:04:06.635360+00:00", "level": "INFO", "logger": "vidur.deep_learning_vision.engine", "message": "Visual comparison completed for project_id=demo-project verdict=match", "module": "engine", "function": "run", "line": 126}
{"timestamp": "2026-08-01T09:04:06.637365+00:00", "level": "INFO", "logger": "vidur.deep_learning_vision.engine", "message": "Visual comparison started for project_id=demo-project baseline=homepage current=homepage", "module": "engine", "function": "run", "line": 102}
{"timestamp": "2026-08-01T09:04:06.637365+00:00", "level": "INFO", "logger": "vidur.deep_learning_vision.engine", "message": "Visual comparison completed for project_id=demo-project verdict=match", "module": "engine", "function": "run", "line": 126}
{"timestamp": "2026-08-01T09:04:06.726955+00:00", "level": "INFO", "logger": "vidur.inspection_engine.engine", "message": "Inspection started for project_id=demo-project root=C:\\Users\\ka447\\AppData\\Local\\Temp\\pytest-of-ka447\\pytest-12\\test_run_produces_completed_re0", "module": "engine", "function": "run", "line": 75}
{"timestamp": "2026-08-01T09:04:06.737025+00:00", "level": "INFO", "logger": "vidur.inspection_engine.engine", "message": "Inspection completed for project_id=demo-project health_score=100.0 findings=0", "module": "engine", "function": "run", "line": 93}
{"timestamp": "2026-08-01T09:04:06.737532+00:00", "level": "INFO", "logger": "vidur.inspection_engine.engine", "message": "Inspection started for project_id=demo-project root=C:\\Users\\ka447\\AppData\\Local\\Temp\\pytest-of-ka447\\pytest-12\\test_run_detects_findings_acro0", "module": "engine", "function": "run", "line": 75}
{"timestamp": "2026-08-01T09:04:06.740614+00:00", "level": "INFO", "logger": "vidur.inspection_engine.engine", "message": "Inspection completed for project_id=demo-project health_score=0.0 findings=2", "module": "engine", "function": "run", "line": 93}
{"timestamp": "2026-08-01T09:04:06.740614+00:00", "level": "INFO", "logger": "vidur.inspection_engine.engine", "message": "Inspection started for project_id=demo-project root=C:\\Users\\ka447\\AppData\\Local\\Temp\\pytest-of-ka447\\pytest-12\\test_run_with_previous_snapsho0", "module": "engine", "function": "run", "line": 75}
{"timestamp": "2026-08-01T09:04:06.745680+00:00", "level": "INFO", "logger": "vidur.inspection_engine.engine", "message": "Inspection completed for project_id=demo-project health_score=40.0 findings=1", "module": "engine", "function": "run", "line": 93}
{"timestamp": "2026-08-01T09:04:06.745680+00:00", "level": "INFO", "logger": "vidur.inspection_engine.engine", "message": "Inspection started for project_id=demo-project root=C:\\Users\\ka447\\AppData\\Local\\Temp\\pytest-of-ka447\\pytest-12\\test_run_with_previous_snapsho0", "module": "engine", "function": "run", "line": 75}
{"timestamp": "2026-08-01T09:04:06.747947+00:00", "level": "INFO", "logger": "vidur.inspection_engine.engine", "message": "Inspection completed for project_id=demo-project health_score=60.0 findings=2", "module": "engine", "function": "run", "line": 93}
{"timestamp": "2026-08-01T09:04:06.751959+00:00", "level": "INFO", "logger": "vidur.inspection_engine.engine", "message": "Inspection started for project_id=demo-project root=C:\\Users\\ka447\\AppData\\Local\\Temp\\pytest-of-ka447\\pytest-12\\test_run_normalizes_project_id1", "module": "engine", "function": "run", "line": 75}
{"timestamp": "2026-08-01T09:04:06.752483+00:00", "level": "INFO", "logger": "vidur.inspection_engine.engine", "message": "Inspection completed for project_id=demo-project health_score=40.0 findings=1", "module": "engine", "function": "run", "line": 93}
{"timestamp": "2026-08-01T09:04:06.776948+00:00", "level": "INFO", "logger": "vidur.inspection_engine.engine", "message": "Inspection started for project_id=demo-project root=C:\\Users\\ka447\\AppData\\Local\\Temp\\pytest-of-ka447\\pytest-12\\test_run_raises_when_feature_f2", "module": "engine", "function": "run", "line": 75}
{"timestamp": "2026-08-01T09:04:06.784729+00:00", "level": "INFO", "logger": "vidur.inspection_engine.engine", "message": "Inspection completed for project_id=demo-project health_score=100.0 findings=0", "module": "engine", "function": "run", "line": 93}
{"timestamp": "2026-08-01T09:04:06.788772+00:00", "level": "INFO", "logger": "vidur.inspection_engine.engine", "message": "Inspection started for project_id=demo-project root=C:\\Users\\ka447\\AppData\\Local\\Temp\\pytest-of-ka447\\pytest-12\\test_run_raises_for_invalid_pr2", "module": "engine", "function": "run", "line": 75}
{"timestamp": "2026-08-01T09:04:06.790776+00:00", "level": "INFO", "logger": "vidur.inspection_engine.engine", "message": "Inspection completed for project_id=demo-project health_score=100.0 findings=0", "module": "engine", "function": "run", "line": 93}
{"timestamp": "2026-08-01T09:04:06.793860+00:00", "level": "INFO", "logger": "vidur.inspection_engine.engine", "message": "Inspection started for project_id=project-a root=C:\\Users\\ka447\\AppData\\Local\\Temp\\pytest-of-ka447\\pytest-12\\test_run_raises_for_mismatched1", "module": "engine", "function": "run", "line": 75}
{"timestamp": "2026-08-01T09:04:06.799349+00:00", "level": "INFO", "logger": "vidur.inspection_engine.engine", "message": "Inspection completed for project_id=project-a health_score=100.0 findings=0", "module": "engine", "function": "run", "line": 93}
{"timestamp": "2026-08-01T09:04:06.804905+00:00", "level": "INFO", "logger": "vidur.inspection_engine.engine", "message": "Inspection started for project_id=demo-project root=C:\\Users\\ka447\\AppData\\Local\\Temp\\pytest-of-ka447\\pytest-12\\test_run_raises_for_mismatched2", "module": "engine", "function": "run", "line": 75}
{"timestamp": "2026-08-01T09:04:06.808379+00:00", "level": "INFO", "logger": "vidur.inspection_engine.engine", "message": "Inspection completed for project_id=demo-project health_score=100.0 findings=0", "module": "engine", "function": "run", "line": 93}
{"timestamp": "2026-08-01T09:04:06.809009+00:00", "level": "INFO", "logger": "vidur.ai_reasoning.engine", "message": "AI reasoning started for project_id=demo-project root=C:\\Users\\ka447\\AppData\\Local\\Temp\\pytest-of-ka447\\pytest-12\\test_run_raises_for_mismatched2", "module": "engine", "function": "run", "line": 80}
{"timestamp": "2026-08-01T09:04:06.809678+00:00", "level": "INFO", "logger": "vidur.ai_reasoning.engine", "message": "AI reasoning completed for project_id=demo-project recommendations=0", "module": "engine", "function": "run", "line": 102}
{"timestamp": "2026-08-01T09:04:06.812190+00:00", "level": "INFO", "logger": "vidur.inspection_engine.engine", "message": "Inspection started for project_id=demo-project root=C:\\Users\\ka447\\AppData\\Local\\Temp\\pytest-of-ka447\\pytest-12\\test_run_produces_ml_predictio0", "module": "engine", "function": "run", "line": 75}
{"timestamp": "2026-08-01T09:04:06.816234+00:00", "level": "INFO", "logger": "vidur.inspection_engine.engine", "message": "Inspection completed for project_id=demo-project health_score=100.0 findings=0", "module": "engine", "function": "run", "line": 93}
{"timestamp": "2026-08-01T09:04:06.816234+00:00", "level": "INFO", "logger": "vidur.ml_prediction.engine", "message": "ML prediction started for project_id=demo-project root=C:\\Users\\ka447\\AppData\\Local\\Temp\\pytest-of-ka447\\pytest-12\\test_run_produces_ml_predictio0", "module": "engine", "function": "run", "line": 103}
{"timestamp": "2026-08-01T09:04:06.816234+00:00", "level": "INFO", "logger": "vidur.ml_prediction.engine", "message": "ML prediction completed for project_id=demo-project failure_probability=0.1298", "module": "engine", "function": "run", "line": 127}
{"timestamp": "2026-08-01T09:04:06.820261+00:00", "level": "INFO", "logger": "vidur.inspection_engine.engine", "message": "Inspection started for project_id=demo-project root=C:\\Users\\ka447\\AppData\\Local\\Temp\\pytest-of-ka447\\pytest-12\\test_run_produces_ml_predictio1", "module": "engine", "function": "run", "line": 75}
{"timestamp": "2026-08-01T09:04:06.824288+00:00", "level": "INFO", "logger": "vidur.inspection_engine.engine", "message": "Inspection completed for project_id=demo-project health_score=100.0 findings=0", "module": "engine", "function": "run", "line": 93}
{"timestamp": "2026-08-01T09:04:06.824288+00:00", "level": "INFO", "logger": "vidur.ai_reasoning.engine", "message": "AI reasoning started for project_id=demo-project root=C:\\Users\\ka447\\AppData\\Local\\Temp\\pytest-of-ka447\\pytest-12\\test_run_produces_ml_predictio1", "module": "engine", "function": "run", "line": 80}
{"timestamp": "2026-08-01T09:04:06.825790+00:00", "level": "INFO", "logger": "vidur.ai_reasoning.engine", "message": "AI reasoning completed for project_id=demo-project recommendations=0", "module": "engine", "function": "run", "line": 102}
{"timestamp": "2026-08-01T09:04:06.826344+00:00", "level": "INFO", "logger": "vidur.ml_prediction.engine", "message": "ML prediction started for project_id=demo-project root=C:\\Users\\ka447\\AppData\\Local\\Temp\\pytest-of-ka447\\pytest-12\\test_run_produces_ml_predictio1", "module": "engine", "function": "run", "line": 103}
{"timestamp": "2026-08-01T09:04:06.826848+00:00", "level": "INFO", "logger": "vidur.ml_prediction.engine", "message": "ML prediction completed for project_id=demo-project failure_probability=0.1298", "module": "engine", "function": "run", "line": 127}
{"timestamp": "2026-08-01T09:04:06.828853+00:00", "level": "INFO", "logger": "vidur.inspection_engine.engine", "message": "Inspection started for project_id=demo-project root=C:\\Users\\ka447\\AppData\\Local\\Temp\\pytest-of-ka447\\pytest-12\\test_run_uses_historical_healt0", "module": "engine", "function": "run", "line": 75}
{"timestamp": "2026-08-01T09:04:06.832018+00:00", "level": "INFO", "logger": "vidur.inspection_engine.engine", "message": "Inspection completed for project_id=demo-project health_score=100.0 findings=0", "module": "engine", "function": "run", "line": 93}
{"timestamp": "2026-08-01T09:04:06.832018+00:00", "level": "INFO", "logger": "vidur.ml_prediction.engine", "message": "ML prediction started for project_id=demo-project root=C:\\Users\\ka447\\AppData\\Local\\Temp\\pytest-of-ka447\\pytest-12\\test_run_uses_historical_healt0", "module": "engine", "function": "run", "line": 103}
{"timestamp": "2026-08-01T09:04:06.834021+00:00", "level": "INFO", "logger": "vidur.ml_prediction.engine", "message": "ML prediction completed for project_id=demo-project failure_probability=0.1298", "module": "engine", "function": "run", "line": 127}
{"timestamp": "2026-08-01T09:04:06.836363+00:00", "level": "INFO", "logger": "vidur.inspection_engine.engine", "message": "Inspection started for project_id=demo-project root=C:\\Users\\ka447\\AppData\\Local\\Temp\\pytest-of-ka447\\pytest-12\\test_run_normalizes_project_id2", "module": "engine", "function": "run", "line": 75}
{"timestamp": "2026-08-01T09:04:06.841842+00:00", "level": "INFO", "logger": "vidur.inspection_engine.engine", "message": "Inspection completed for project_id=demo-project health_score=100.0 findings=0", "module": "engine", "function": "run", "line": 93}
{"timestamp": "2026-08-01T09:04:06.842349+00:00", "level": "INFO", "logger": "vidur.ml_prediction.engine", "message": "ML prediction started for project_id=demo-project root=C:\\Users\\ka447\\AppData\\Local\\Temp\\pytest-of-ka447\\pytest-12\\test_run_normalizes_project_id2", "module": "engine", "function": "run", "line": 103}
{"timestamp": "2026-08-01T09:04:06.842349+00:00", "level": "INFO", "logger": "vidur.ml_prediction.engine", "message": "ML prediction completed for project_id=demo-project failure_probability=0.1298", "module": "engine", "function": "run", "line": 127}
{"timestamp": "2026-08-01T09:04:06.862366+00:00", "level": "WARNING", "logger": "vidur.nlp.code_intent_extractor", "message": "Skipping unparseable file app/broken.py: invalid syntax (app/broken.py, line 1)", "module": "code_intent_extractor", "function": "extract", "line": 56}
{"timestamp": "2026-08-01T09:04:06.869949+00:00", "level": "WARNING", "logger": "vidur.nlp.code_intent_extractor", "message": "Skipping unparseable file app/broken.py: invalid syntax (app/broken.py, line 1)", "module": "code_intent_extractor", "function": "extract", "line": 56}
{"timestamp": "2026-08-01T09:04:06.878301+00:00", "level": "WARNING", "logger": "vidur.nlp.code_intent_extractor", "message": "Skipping unparseable file app/broken.py: invalid syntax (app/broken.py, line 1)", "module": "code_intent_extractor", "function": "extract", "line": 56}
{"timestamp": "2026-08-01T09:04:06.920787+00:00", "level": "INFO", "logger": "vidur.nlp.engine", "message": "NLP analysis started for project_id=demo-project root=C:\\Users\\ka447\\AppData\\Local\\Temp\\pytest-of-ka447\\pytest-12\\test_run_produces_nlp_report0", "module": "engine", "function": "run", "line": 76}
{"timestamp": "2026-08-01T09:04:06.925339+00:00", "level": "INFO", "logger": "vidur.nlp.engine", "message": "NLP analysis completed for project_id=demo-project consistency_findings=0", "module": "engine", "function": "run", "line": 94}
{"timestamp": "2026-08-01T09:04:06.928851+00:00", "level": "INFO", "logger": "vidur.nlp.engine", "message": "NLP analysis started for project_id=demo-project root=C:\\Users\\ka447\\AppData\\Local\\Temp\\pytest-of-ka447\\pytest-12\\test_run_includes_semantic_res0", "module": "engine", "function": "run", "line": 76}
{"timestamp": "2026-08-01T09:04:06.928851+00:00", "level": "INFO", "logger": "vidur.nlp.engine", "message": "NLP analysis completed for project_id=demo-project consistency_findings=0", "module": "engine", "function": "run", "line": 94}
{"timestamp": "2026-08-01T09:04:06.940007+00:00", "level": "INFO", "logger": "vidur.nlp.engine", "message": "NLP analysis started for project_id=demo-project root=C:\\Users\\ka447\\AppData\\Local\\Temp\\pytest-of-ka447\\pytest-12\\test_run_normalizes_project_id3", "module": "engine", "function": "run", "line": 76}
{"timestamp": "2026-08-01T09:04:06.940511+00:00", "level": "INFO", "logger": "vidur.nlp.engine", "message": "NLP analysis completed for project_id=demo-project consistency_findings=0", "module": "engine", "function": "run", "line": 94}
{"timestamp": "2026-08-01T09:16:56.553706+00:00", "level": "INFO", "logger": "vidur.memory.engine", "message": "Recording inspection memory for project_id=demo-project", "module": "engine", "function": "_record", "line": 253}
{"timestamp": "2026-08-01T09:16:56.553706+00:00", "level": "INFO", "logger": "vidur.memory.engine", "message": "Recorded inspection memory record_id=50a82c518a8945a4a0ab87264b494929 for project_id=demo-project", "module": "engine", "function": "_record", "line": 275}
{"timestamp": "2026-08-01T09:16:56.555710+00:00", "level": "INFO", "logger": "vidur.memory.engine", "message": "Recording visual_regression memory for project_id=demo-project", "module": "engine", "function": "_record", "line": 253}
{"timestamp": "2026-08-01T09:16:56.555710+00:00", "level": "INFO", "logger": "vidur.memory.engine", "message": "Recorded visual_regression memory record_id=3a627f2be0304915ba5d374cd0385e00 for project_id=demo-project", "module": "engine", "function": "_record", "line": 275}
{"timestamp": "2026-08-01T09:16:56.557715+00:00", "level": "INFO", "logger": "vidur.memory.engine", "message": "Recording inspection memory for project_id=demo-project", "module": "engine", "function": "_record", "line": 253}
{"timestamp": "2026-08-01T09:16:56.557715+00:00", "level": "INFO", "logger": "vidur.memory.engine", "message": "Recorded inspection memory record_id=9db7e5723035418bb8d86033b1bd6dbf for project_id=demo-project", "module": "engine", "function": "_record", "line": 275}
{"timestamp": "2026-08-01T09:16:56.563730+00:00", "level": "INFO", "logger": "vidur.memory.engine", "message": "Recording inspection memory for project_id=demo-project", "module": "engine", "function": "_record", "line": 253}
{"timestamp": "2026-08-01T09:16:56.563730+00:00", "level": "INFO", "logger": "vidur.memory.engine", "message": "Recorded inspection memory record_id=608a3cc56a684b25940b70e6dbcb312b for project_id=demo-project", "module": "engine", "function": "_record", "line": 275}
{"timestamp": "2026-08-01T09:16:56.571257+00:00", "level": "INFO", "logger": "vidur.memory.engine", "message": "Memory recall started for project_id=demo-project", "module": "engine", "function": "recall", "line": 136}
{"timestamp": "2026-08-01T09:16:56.571257+00:00", "level": "INFO", "logger": "vidur.memory.engine", "message": "Memory recall completed for project_id=demo-project matches=1", "module": "engine", "function": "recall", "line": 167}
{"timestamp": "2026-08-01T09:16:56.574187+00:00", "level": "INFO", "logger": "vidur.memory.engine", "message": "Memory recall started for project_id=demo-project", "module": "engine", "function": "recall", "line": 136}
{"timestamp": "2026-08-01T09:16:56.574693+00:00", "level": "INFO", "logger": "vidur.memory.engine", "message": "Memory recall completed for project_id=demo-project matches=0", "module": "engine", "function": "recall", "line": 167}
{"timestamp": "2026-08-01T09:16:56.574693+00:00", "level": "INFO", "logger": "vidur.memory.engine", "message": "Recording inspection memory for project_id=demo-project", "module": "engine", "function": "_record", "line": 253}
{"timestamp": "2026-08-01T09:16:56.576697+00:00", "level": "INFO", "logger": "vidur.memory.engine", "message": "Recorded inspection memory record_id=17d254fec8374f3abf780998d11c7446 for project_id=demo-project", "module": "engine", "function": "_record", "line": 275}
{"timestamp": "2026-08-01T09:16:56.576697+00:00", "level": "INFO", "logger": "vidur.memory.engine", "message": "Recording visual_regression memory for project_id=demo-project", "module": "engine", "function": "_record", "line": 253}
{"timestamp": "2026-08-01T09:16:56.576697+00:00", "level": "INFO", "logger": "vidur.memory.engine", "message": "Recorded visual_regression memory record_id=31b0ce747cb84752b120a3367d15904f for project_id=demo-project", "module": "engine", "function": "_record", "line": 275}
{"timestamp": "2026-08-01T09:16:56.578702+00:00", "level": "INFO", "logger": "vidur.memory.engine", "message": "Recording inspection memory for project_id=demo-project", "module": "engine", "function": "_record", "line": 253}
{"timestamp": "2026-08-01T09:16:56.580707+00:00", "level": "INFO", "logger": "vidur.memory.engine", "message": "Recorded inspection memory record_id=cdae5812df684cd88dd2fe26a1105553 for project_id=demo-project", "module": "engine", "function": "_record", "line": 275}
{"timestamp": "2026-08-01T09:16:56.580707+00:00", "level": "INFO", "logger": "vidur.memory.engine", "message": "Recording visual_regression memory for project_id=demo-project", "module": "engine", "function": "_record", "line": 253}
{"timestamp": "2026-08-01T09:16:56.580707+00:00", "level": "INFO", "logger": "vidur.memory.engine", "message": "Recorded visual_regression memory record_id=8d67225fdb2e4d0f9ff7870e6e4f4872 for project_id=demo-project", "module": "engine", "function": "_record", "line": 275}
{"timestamp": "2026-08-01T09:16:56.583975+00:00", "level": "INFO", "logger": "vidur.memory.engine", "message": "Recording inspection memory for project_id=demo-project", "module": "engine", "function": "_record", "line": 253}
{"timestamp": "2026-08-01T09:16:56.583975+00:00", "level": "INFO", "logger": "vidur.memory.engine", "message": "Recorded inspection memory record_id=9800ee6586c145b58457fc6c5a216352 for project_id=demo-project", "module": "engine", "function": "_record", "line": 275}
{"timestamp": "2026-08-01T09:16:56.583975+00:00", "level": "INFO", "logger": "vidur.memory.engine", "message": "Recording inspection memory for project_id=demo-project", "module": "engine", "function": "_record", "line": 253}
{"timestamp": "2026-08-01T09:16:56.583975+00:00", "level": "INFO", "logger": "vidur.memory.engine", "message": "Recorded inspection memory record_id=5f246b6c41414c3794cc9297f2ee9a34 for project_id=demo-project", "module": "engine", "function": "_record", "line": 275}
{"timestamp": "2026-08-01T09:16:56.614232+00:00", "level": "INFO", "logger": "vidur.memory.engine", "message": "Recording visual_regression memory for project_id=demo-project", "module": "engine", "function": "_record", "line": 253}
{"timestamp": "2026-08-01T09:16:56.614232+00:00", "level": "INFO", "logger": "vidur.memory.engine", "message": "Recorded visual_regression memory record_id=047c06dba3004893ba666f1604a871aa for project_id=demo-project", "module": "engine", "function": "_record", "line": 275}
{"timestamp": "2026-08-01T09:16:56.614232+00:00", "level": "INFO", "logger": "vidur.memory.engine", "message": "Recording inspection memory for project_id=demo-project", "module": "engine", "function": "_record", "line": 253}
{"timestamp": "2026-08-01T09:16:56.614232+00:00", "level": "INFO", "logger": "vidur.memory.engine", "message": "Recorded inspection memory record_id=108ab812960e498f8e9d312026baca56 for project_id=demo-project", "module": "engine", "function": "_record", "line": 275}
{"timestamp": "2026-08-01T09:16:56.656790+00:00", "level": "ERROR", "logger": "vidur.memory.record_store", "message": "Failed to persist memory record rec-1 for project_id=demo-project: simulated failure", "module": "record_store", "function": "save", "line": 78}
{"timestamp": "2026-08-01T09:16:56.659499+00:00", "level": "ERROR", "logger": "vidur.memory.record_store", "message": "Failed to list memory records for project_id=demo-project: simulated failure", "module": "record_store", "function": "list_records", "line": 110}
{"timestamp": "2026-08-01T09:16:56.807906+00:00", "level": "ERROR", "logger": "vidur.memory.semantic_index", "message": "Failed to index memory record rec-1 for project_id=demo-project: simulated chroma failure", "module": "semantic_index", "function": "index", "line": 58}
{"timestamp": "2026-08-01T09:16:56.809916+00:00", "level": "ERROR", "logger": "vidur.memory.semantic_index", "message": "Semantic recall query failed for project_id=demo-project: simulated chroma failure", "module": "semantic_index", "function": "query", "line": 85}
{"timestamp": "2026-08-01T09:17:06.641128+00:00", "level": "INFO", "logger": "vidur.memory.engine", "message": "Recording inspection memory for project_id=demo-project", "module": "engine", "function": "_record", "line": 253}
{"timestamp": "2026-08-01T09:17:06.641128+00:00", "level": "INFO", "logger": "vidur.memory.engine", "message": "Recorded inspection memory record_id=c86832de48a64a40a5d20c207ea1d616 for project_id=demo-project", "module": "engine", "function": "_record", "line": 275}
{"timestamp": "2026-08-01T09:17:06.661482+00:00", "level": "INFO", "logger": "vidur.memory.engine", "message": "Recording visual_regression memory for project_id=demo-project", "module": "engine", "function": "_record", "line": 253}
{"timestamp": "2026-08-01T09:17:06.661482+00:00", "level": "INFO", "logger": "vidur.memory.engine", "message": "Recorded visual_regression memory record_id=ee5769f7bd1947dcaebee04f7d249b68 for project_id=demo-project", "module": "engine", "function": "_record", "line": 275}
{"timestamp": "2026-08-01T09:17:06.677485+00:00", "level": "INFO", "logger": "vidur.memory.engine", "message": "Recording inspection memory for project_id=demo-project", "module": "engine", "function": "_record", "line": 253}
{"timestamp": "2026-08-01T09:17:06.677485+00:00", "level": "INFO", "logger": "vidur.memory.engine", "message": "Recorded inspection memory record_id=84d3b965d871408f937dcff266c3d5a5 for project_id=demo-project", "module": "engine", "function": "_record", "line": 275}
{"timestamp": "2026-08-01T09:17:06.683664+00:00", "level": "INFO", "logger": "vidur.memory.engine", "message": "Recording inspection memory for project_id=demo-project", "module": "engine", "function": "_record", "line": 253}
{"timestamp": "2026-08-01T09:17:06.683664+00:00", "level": "INFO", "logger": "vidur.memory.engine", "message": "Recorded inspection memory record_id=e60f0eaadc5d4578ba36e17d62d7bbe5 for project_id=demo-project", "module": "engine", "function": "_record", "line": 275}
{"timestamp": "2026-08-01T09:17:06.683664+00:00", "level": "INFO", "logger": "vidur.memory.engine", "message": "Memory recall started for project_id=demo-project", "module": "engine", "function": "recall", "line": 136}
{"timestamp": "2026-08-01T09:17:06.683664+00:00", "level": "INFO", "logger": "vidur.memory.engine", "message": "Memory recall completed for project_id=demo-project matches=1", "module": "engine", "function": "recall", "line": 167}
{"timestamp": "2026-08-01T09:17:06.694486+00:00", "level": "INFO", "logger": "vidur.memory.engine", "message": "Memory recall started for project_id=demo-project", "module": "engine", "function": "recall", "line": 136}
{"timestamp": "2026-08-01T09:17:06.694486+00:00", "level": "INFO", "logger": "vidur.memory.engine", "message": "Memory recall completed for project_id=demo-project matches=0", "module": "engine", "function": "recall", "line": 167}
{"timestamp": "2026-08-01T09:17:06.698862+00:00", "level": "INFO", "logger": "vidur.memory.engine", "message": "Recording inspection memory for project_id=demo-project", "module": "engine", "function": "_record", "line": 253}
{"timestamp": "2026-08-01T09:17:06.700873+00:00", "level": "INFO", "logger": "vidur.memory.engine", "message": "Recorded inspection memory record_id=a4e12f039a0c46038ba34ed6e61ca80c for project_id=demo-project", "module": "engine", "function": "_record", "line": 275}
{"timestamp": "2026-08-01T09:17:06.700873+00:00", "level": "INFO", "logger": "vidur.memory.engine", "message": "Recording visual_regression memory for project_id=demo-project", "module": "engine", "function": "_record", "line": 253}
{"timestamp": "2026-08-01T09:17:06.700873+00:00", "level": "INFO", "logger": "vidur.memory.engine", "message": "Recorded visual_regression memory record_id=57d0d73dfe9f44ab9853baa7f8c5b106 for project_id=demo-project", "module": "engine", "function": "_record", "line": 275}
{"timestamp": "2026-08-01T09:17:06.728666+00:00", "level": "INFO", "logger": "vidur.memory.engine", "message": "Recording inspection memory for project_id=demo-project", "module": "engine", "function": "_record", "line": 253}
{"timestamp": "2026-08-01T09:17:06.728666+00:00", "level": "INFO", "logger": "vidur.memory.engine", "message": "Recorded inspection memory record_id=1e8b0eca5316494d969093d183103337 for project_id=demo-project", "module": "engine", "function": "_record", "line": 275}
{"timestamp": "2026-08-01T09:17:06.728666+00:00", "level": "INFO", "logger": "vidur.memory.engine", "message": "Recording visual_regression memory for project_id=demo-project", "module": "engine", "function": "_record", "line": 253}
{"timestamp": "2026-08-01T09:17:06.728666+00:00", "level": "INFO", "logger": "vidur.memory.engine", "message": "Recorded visual_regression memory record_id=7efcc0d8e9ed4fc085899bc71ee17612 for project_id=demo-project", "module": "engine", "function": "_record", "line": 275}
{"timestamp": "2026-08-01T09:17:06.746002+00:00", "level": "INFO", "logger": "vidur.memory.engine", "message": "Recording inspection memory for project_id=demo-project", "module": "engine", "function": "_record", "line": 253}
{"timestamp": "2026-08-01T09:17:06.748014+00:00", "level": "INFO", "logger": "vidur.memory.engine", "message": "Recorded inspection memory record_id=bb14b56768b84b669d8e70e341800199 for project_id=demo-project", "module": "engine", "function": "_record", "line": 275}
{"timestamp": "2026-08-01T09:17:06.748014+00:00", "level": "INFO", "logger": "vidur.memory.engine", "message": "Recording inspection memory for project_id=demo-project", "module": "engine", "function": "_record", "line": 253}
{"timestamp": "2026-08-01T09:17:06.748014+00:00", "level": "INFO", "logger": "vidur.memory.engine", "message": "Recorded inspection memory record_id=7420174fec0643ba91b27761abb463b6 for project_id=demo-project", "module": "engine", "function": "_record", "line": 275}
{"timestamp": "2026-08-01T09:17:06.748014+00:00", "level": "INFO", "logger": "vidur.memory.engine", "message": "Recording visual_regression memory for project_id=demo-project", "module": "engine", "function": "_record", "line": 253}
{"timestamp": "2026-08-01T09:17:06.755833+00:00", "level": "INFO", "logger": "vidur.memory.engine", "message": "Recorded visual_regression memory record_id=7bcc53ea1c3b4cc6975b4c0a26862843 for project_id=demo-project", "module": "engine", "function": "_record", "line": 275}
{"timestamp": "2026-08-01T09:17:06.771887+00:00", "level": "INFO", "logger": "vidur.memory.engine", "message": "Recording inspection memory for project_id=demo-project", "module": "engine", "function": "_record", "line": 253}
{"timestamp": "2026-08-01T09:17:06.771887+00:00", "level": "INFO", "logger": "vidur.memory.engine", "message": "Recorded inspection memory record_id=5d1d0dcd2dc4404daa4690c1a11e07ac for project_id=demo-project", "module": "engine", "function": "_record", "line": 275}
{"timestamp": "2026-08-01T09:17:06.799918+00:00", "level": "ERROR", "logger": "vidur.memory.record_store", "message": "Failed to persist memory record rec-1 for project_id=demo-project: simulated failure", "module": "record_store", "function": "save", "line": 78}
{"timestamp": "2026-08-01T09:17:06.819355+00:00", "level": "ERROR", "logger": "vidur.memory.record_store", "message": "Failed to list memory records for project_id=demo-project: simulated failure", "module": "record_store", "function": "list_records", "line": 110}
{"timestamp": "2026-08-01T09:17:06.835122+00:00", "level": "ERROR", "logger": "vidur.memory.semantic_index", "message": "Failed to index memory record rec-1 for project_id=demo-project: simulated chroma failure", "module": "semantic_index", "function": "index", "line": 58}
{"timestamp": "2026-08-01T09:17:06.835122+00:00", "level": "ERROR", "logger": "vidur.memory.semantic_index", "message": "Semantic recall query failed for project_id=demo-project: simulated chroma failure", "module": "semantic_index", "function": "query", "line": 85}
{"timestamp": "2026-08-01T09:17:12.306453+00:00", "level": "INFO", "logger": "vidur.inspection_engine.engine", "message": "Inspection started for project_id=demo-project root=C:\\Users\\ka447\\AppData\\Local\\Temp\\pytest-of-ka447\\pytest-13\\test_run_raises_when_feature_f0", "module": "engine", "function": "run", "line": 75}
{"timestamp": "2026-08-01T09:17:12.310007+00:00", "level": "INFO", "logger": "vidur.inspection_engine.engine", "message": "Inspection completed for project_id=demo-project health_score=80.0 findings=1", "module": "engine", "function": "run", "line": 93}
{"timestamp": "2026-08-01T09:17:12.313019+00:00", "level": "INFO", "logger": "vidur.inspection_engine.engine", "message": "Inspection started for project_id=demo-project root=C:\\Users\\ka447\\AppData\\Local\\Temp\\pytest-of-ka447\\pytest-13\\test_run_raises_for_invalid_pr0", "module": "engine", "function": "run", "line": 75}
{"timestamp": "2026-08-01T09:17:12.317975+00:00", "level": "INFO", "logger": "vidur.inspection_engine.engine", "message": "Inspection completed for project_id=demo-project health_score=80.0 findings=1", "module": "engine", "function": "run", "line": 93}
{"timestamp": "2026-08-01T09:17:12.323326+00:00", "level": "INFO", "logger": "vidur.inspection_engine.engine", "message": "Inspection started for project_id=project-a root=C:\\Users\\ka447\\AppData\\Local\\Temp\\pytest-of-ka447\\pytest-13\\test_run_raises_for_mismatched0", "module": "engine", "function": "run", "line": 75}
{"timestamp": "2026-08-01T09:17:12.328293+00:00", "level": "INFO", "logger": "vidur.inspection_engine.engine", "message": "Inspection completed for project_id=project-a health_score=80.0 findings=1", "module": "engine", "function": "run", "line": 93}
{"timestamp": "2026-08-01T09:17:12.332910+00:00", "level": "INFO", "logger": "vidur.inspection_engine.engine", "message": "Inspection started for project_id=demo-project root=C:\\Users\\ka447\\AppData\\Local\\Temp\\pytest-of-ka447\\pytest-13\\test_run_produces_reasoning_re0", "module": "engine", "function": "run", "line": 75}
{"timestamp": "2026-08-01T09:17:12.337410+00:00", "level": "INFO", "logger": "vidur.inspection_engine.engine", "message": "Inspection completed for project_id=demo-project health_score=80.0 findings=1", "module": "engine", "function": "run", "line": 93}
{"timestamp": "2026-08-01T09:17:12.339508+00:00", "level": "INFO", "logger": "vidur.ai_reasoning.engine", "message": "AI reasoning started for project_id=demo-project root=C:\\Users\\ka447\\AppData\\Local\\Temp\\pytest-of-ka447\\pytest-13\\test_run_produces_reasoning_re0", "module": "engine", "function": "run", "line": 80}
{"timestamp": "2026-08-01T09:17:12.339508+00:00", "level": "INFO", "logger": "vidur.ai_reasoning.engine", "message": "AI reasoning completed for project_id=demo-project recommendations=1", "module": "engine", "function": "run", "line": 102}
{"timestamp": "2026-08-01T09:17:12.343483+00:00", "level": "INFO", "logger": "vidur.inspection_engine.engine", "message": "Inspection started for project_id=demo-project root=C:\\Users\\ka447\\AppData\\Local\\Temp\\pytest-of-ka447\\pytest-13\\test_run_normalizes_project_id0", "module": "engine", "function": "run", "line": 75}
{"timestamp": "2026-08-01T09:17:12.343483+00:00", "level": "INFO", "logger": "vidur.inspection_engine.engine", "message": "Inspection completed for project_id=demo-project health_score=80.0 findings=1", "module": "engine", "function": "run", "line": 93}
{"timestamp": "2026-08-01T09:17:12.343483+00:00", "level": "INFO", "logger": "vidur.ai_reasoning.engine", "message": "AI reasoning started for project_id=demo-project root=C:\\Users\\ka447\\AppData\\Local\\Temp\\pytest-of-ka447\\pytest-13\\test_run_normalizes_project_id0", "module": "engine", "function": "run", "line": 80}
{"timestamp": "2026-08-01T09:17:12.343483+00:00", "level": "INFO", "logger": "vidur.ai_reasoning.engine", "message": "AI reasoning completed for project_id=demo-project recommendations=1", "module": "engine", "function": "run", "line": 102}
{"timestamp": "2026-08-01T09:17:12.363447+00:00", "level": "INFO", "logger": "vidur.deep_learning_vision.engine", "message": "Visual comparison started for project_id=demo-project baseline=homepage current=homepage", "module": "engine", "function": "run", "line": 102}
{"timestamp": "2026-08-01T09:17:12.363447+00:00", "level": "INFO", "logger": "vidur.deep_learning_vision.engine", "message": "Visual comparison started for project_id=demo-project baseline=homepage current=homepage", "module": "engine", "function": "run", "line": 102}
{"timestamp": "2026-08-01T09:17:12.365454+00:00", "level": "INFO", "logger": "vidur.deep_learning_vision.engine", "message": "Visual comparison started for project_id=demo-project baseline=homepage current=homepage", "module": "engine", "function": "run", "line": 102}
{"timestamp": "2026-08-01T09:17:12.365454+00:00", "level": "INFO", "logger": "vidur.deep_learning_vision.engine", "message": "Visual comparison completed for project_id=demo-project verdict=regression", "module": "engine", "function": "run", "line": 126}
{"timestamp": "2026-08-01T09:17:12.365454+00:00", "level": "INFO", "logger": "vidur.deep_learning_vision.engine", "message": "Visual comparison started for project_id=demo-project baseline=homepage current=homepage", "module": "engine", "function": "run", "line": 102}
{"timestamp": "2026-08-01T09:17:12.367461+00:00", "level": "INFO", "logger": "vidur.deep_learning_vision.engine", "message": "Visual comparison completed for project_id=demo-project verdict=regression", "module": "engine", "function": "run", "line": 126}
{"timestamp": "2026-08-01T09:17:12.367461+00:00", "level": "INFO", "logger": "vidur.deep_learning_vision.engine", "message": "Visual comparison started for project_id=demo-project baseline=homepage current=homepage", "module": "engine", "function": "run", "line": 102}
{"timestamp": "2026-08-01T09:17:12.367461+00:00", "level": "INFO", "logger": "vidur.deep_learning_vision.engine", "message": "Visual comparison completed for project_id=demo-project verdict=match", "module": "engine", "function": "run", "line": 126}
{"timestamp": "2026-08-01T09:17:12.369467+00:00", "level": "INFO", "logger": "vidur.deep_learning_vision.engine", "message": "Visual comparison started for project_id=demo-project baseline=homepage current=homepage", "module": "engine", "function": "run", "line": 102}
{"timestamp": "2026-08-01T09:17:12.369467+00:00", "level": "INFO", "logger": "vidur.deep_learning_vision.engine", "message": "Visual comparison completed for project_id=demo-project verdict=match", "module": "engine", "function": "run", "line": 126}
{"timestamp": "2026-08-01T09:17:12.520527+00:00", "level": "INFO", "logger": "vidur.inspection_engine.engine", "message": "Inspection started for project_id=demo-project root=C:\\Users\\ka447\\AppData\\Local\\Temp\\pytest-of-ka447\\pytest-13\\test_run_produces_completed_re0", "module": "engine", "function": "run", "line": 75}
{"timestamp": "2026-08-01T09:17:12.528243+00:00", "level": "INFO", "logger": "vidur.inspection_engine.engine", "message": "Inspection completed for project_id=demo-project health_score=100.0 findings=0", "module": "engine", "function": "run", "line": 93}
{"timestamp": "2026-08-01T09:17:12.530248+00:00", "level": "INFO", "logger": "vidur.inspection_engine.engine", "message": "Inspection started for project_id=demo-project root=C:\\Users\\ka447\\AppData\\Local\\Temp\\pytest-of-ka447\\pytest-13\\test_run_detects_findings_acro0", "module": "engine", "function": "run", "line": 75}
{"timestamp": "2026-08-01T09:17:12.536026+00:00", "level": "INFO", "logger": "vidur.inspection_engine.engine", "message": "Inspection completed for project_id=demo-project health_score=0.0 findings=2", "module": "engine", "function": "run", "line": 93}
{"timestamp": "2026-08-01T09:17:12.538162+00:00", "level": "INFO", "logger": "vidur.inspection_engine.engine", "message": "Inspection started for project_id=demo-project root=C:\\Users\\ka447\\AppData\\Local\\Temp\\pytest-of-ka447\\pytest-13\\test_run_with_previous_snapsho0", "module": "engine", "function": "run", "line": 75}
{"timestamp": "2026-08-01T09:17:12.540170+00:00", "level": "INFO", "logger": "vidur.inspection_engine.engine", "message": "Inspection completed for project_id=demo-project health_score=40.0 findings=1", "module": "engine", "function": "run", "line": 93}
{"timestamp": "2026-08-01T09:17:12.540170+00:00", "level": "INFO", "logger": "vidur.inspection_engine.engine", "message": "Inspection started for project_id=demo-project root=C:\\Users\\ka447\\AppData\\Local\\Temp\\pytest-of-ka447\\pytest-13\\test_run_with_previous_snapsho0", "module": "engine", "function": "run", "line": 75}
{"timestamp": "2026-08-01T09:17:12.540170+00:00", "level": "INFO", "logger": "vidur.inspection_engine.engine", "message": "Inspection completed for project_id=demo-project health_score=60.0 findings=2", "module": "engine", "function": "run", "line": 93}
{"timestamp": "2026-08-01T09:17:12.547693+00:00", "level": "INFO", "logger": "vidur.inspection_engine.engine", "message": "Inspection started for project_id=demo-project root=C:\\Users\\ka447\\AppData\\Local\\Temp\\pytest-of-ka447\\pytest-13\\test_run_normalizes_project_id1", "module": "engine", "function": "run", "line": 75}
{"timestamp": "2026-08-01T09:17:12.549698+00:00", "level": "INFO", "logger": "vidur.inspection_engine.engine", "message": "Inspection completed for project_id=demo-project health_score=40.0 findings=1", "module": "engine", "function": "run", "line": 93}
{"timestamp": "2026-08-01T09:17:12.580123+00:00", "level": "INFO", "logger": "vidur.inspection_engine.engine", "message": "Inspection started for project_id=demo-project root=C:\\Users\\ka447\\AppData\\Local\\Temp\\pytest-of-ka447\\pytest-13\\test_run_raises_when_feature_f2", "module": "engine", "function": "run", "line": 75}
{"timestamp": "2026-08-01T09:17:12.582640+00:00", "level": "INFO", "logger": "vidur.inspection_engine.engine", "message": "Inspection completed for project_id=demo-project health_score=100.0 findings=0", "module": "engine", "function": "run", "line": 93}
{"timestamp": "2026-08-01T09:17:12.586484+00:00", "level": "INFO", "logger": "vidur.inspection_engine.engine", "message": "Inspection started for project_id=demo-project root=C:\\Users\\ka447\\AppData\\Local\\Temp\\pytest-of-ka447\\pytest-13\\test_run_raises_for_invalid_pr2", "module": "engine", "function": "run", "line": 75}
{"timestamp": "2026-08-01T09:17:12.586484+00:00", "level": "INFO", "logger": "vidur.inspection_engine.engine", "message": "Inspection completed for project_id=demo-project health_score=100.0 findings=0", "module": "engine", "function": "run", "line": 93}
{"timestamp": "2026-08-01T09:17:12.594973+00:00", "level": "INFO", "logger": "vidur.inspection_engine.engine", "message": "Inspection started for project_id=project-a root=C:\\Users\\ka447\\AppData\\Local\\Temp\\pytest-of-ka447\\pytest-13\\test_run_raises_for_mismatched1", "module": "engine", "function": "run", "line": 75}
{"timestamp": "2026-08-01T09:17:12.594973+00:00", "level": "INFO", "logger": "vidur.inspection_engine.engine", "message": "Inspection completed for project_id=project-a health_score=100.0 findings=0", "module": "engine", "function": "run", "line": 93}
{"timestamp": "2026-08-01T09:17:12.604024+00:00", "level": "INFO", "logger": "vidur.inspection_engine.engine", "message": "Inspection started for project_id=demo-project root=C:\\Users\\ka447\\AppData\\Local\\Temp\\pytest-of-ka447\\pytest-13\\test_run_raises_for_mismatched2", "module": "engine", "function": "run", "line": 75}
{"timestamp": "2026-08-01T09:17:12.616668+00:00", "level": "INFO", "logger": "vidur.inspection_engine.engine", "message": "Inspection completed for project_id=demo-project health_score=100.0 findings=0", "module": "engine", "function": "run", "line": 93}
{"timestamp": "2026-08-01T09:17:12.616668+00:00", "level": "INFO", "logger": "vidur.ai_reasoning.engine", "message": "AI reasoning started for project_id=demo-project root=C:\\Users\\ka447\\AppData\\Local\\Temp\\pytest-of-ka447\\pytest-13\\test_run_raises_for_mismatched2", "module": "engine", "function": "run", "line": 80}
{"timestamp": "2026-08-01T09:17:12.616668+00:00", "level": "INFO", "logger": "vidur.ai_reasoning.engine", "message": "AI reasoning completed for project_id=demo-project recommendations=0", "module": "engine", "function": "run", "line": 102}
{"timestamp": "2026-08-01T09:17:12.627117+00:00", "level": "INFO", "logger": "vidur.inspection_engine.engine", "message": "Inspection started for project_id=demo-project root=C:\\Users\\ka447\\AppData\\Local\\Temp\\pytest-of-ka447\\pytest-13\\test_run_produces_ml_predictio0", "module": "engine", "function": "run", "line": 75}
{"timestamp": "2026-08-01T09:17:12.630988+00:00", "level": "INFO", "logger": "vidur.inspection_engine.engine", "message": "Inspection completed for project_id=demo-project health_score=100.0 findings=0", "module": "engine", "function": "run", "line": 93}
{"timestamp": "2026-08-01T09:17:12.630988+00:00", "level": "INFO", "logger": "vidur.ml_prediction.engine", "message": "ML prediction started for project_id=demo-project root=C:\\Users\\ka447\\AppData\\Local\\Temp\\pytest-of-ka447\\pytest-13\\test_run_produces_ml_predictio0", "module": "engine", "function": "run", "line": 103}
{"timestamp": "2026-08-01T09:17:12.630988+00:00", "level": "INFO", "logger": "vidur.ml_prediction.engine", "message": "ML prediction completed for project_id=demo-project failure_probability=0.1298", "module": "engine", "function": "run", "line": 127}
{"timestamp": "2026-08-01T09:17:12.632994+00:00", "level": "INFO", "logger": "vidur.inspection_engine.engine", "message": "Inspection started for project_id=demo-project root=C:\\Users\\ka447\\AppData\\Local\\Temp\\pytest-of-ka447\\pytest-13\\test_run_produces_ml_predictio1", "module": "engine", "function": "run", "line": 75}
{"timestamp": "2026-08-01T09:17:12.638947+00:00", "level": "INFO", "logger": "vidur.inspection_engine.engine", "message": "Inspection completed for project_id=demo-project health_score=100.0 findings=0", "module": "engine", "function": "run", "line": 93}
{"timestamp": "2026-08-01T09:17:12.638947+00:00", "level": "INFO", "logger": "vidur.ai_reasoning.engine", "message": "AI reasoning started for project_id=demo-project root=C:\\Users\\ka447\\AppData\\Local\\Temp\\pytest-of-ka447\\pytest-13\\test_run_produces_ml_predictio1", "module": "engine", "function": "run", "line": 80}
{"timestamp": "2026-08-01T09:17:12.638947+00:00", "level": "INFO", "logger": "vidur.ai_reasoning.engine", "message": "AI reasoning completed for project_id=demo-project recommendations=0", "module": "engine", "function": "run", "line": 102}
{"timestamp": "2026-08-01T09:17:12.638947+00:00", "level": "INFO", "logger": "vidur.ml_prediction.engine", "message": "ML prediction started for project_id=demo-project root=C:\\Users\\ka447\\AppData\\Local\\Temp\\pytest-of-ka447\\pytest-13\\test_run_produces_ml_predictio1", "module": "engine", "function": "run", "line": 103}
{"timestamp": "2026-08-01T09:17:12.638947+00:00", "level": "INFO", "logger": "vidur.ml_prediction.engine", "message": "ML prediction completed for project_id=demo-project failure_probability=0.1298", "module": "engine", "function": "run", "line": 127}
{"timestamp": "2026-08-01T09:17:12.641853+00:00", "level": "INFO", "logger": "vidur.inspection_engine.engine", "message": "Inspection started for project_id=demo-project root=C:\\Users\\ka447\\AppData\\Local\\Temp\\pytest-of-ka447\\pytest-13\\test_run_uses_historical_healt0", "module": "engine", "function": "run", "line": 75}
{"timestamp": "2026-08-01T09:17:12.648737+00:00", "level": "INFO", "logger": "vidur.inspection_engine.engine", "message": "Inspection completed for project_id=demo-project health_score=100.0 findings=0", "module": "engine", "function": "run", "line": 93}
{"timestamp": "2026-08-01T09:17:12.648737+00:00", "level": "INFO", "logger": "vidur.ml_prediction.engine", "message": "ML prediction started for project_id=demo-project root=C:\\Users\\ka447\\AppData\\Local\\Temp\\pytest-of-ka447\\pytest-13\\test_run_uses_historical_healt0", "module": "engine", "function": "run", "line": 103}
{"timestamp": "2026-08-01T09:17:12.648737+00:00", "level": "INFO", "logger": "vidur.ml_prediction.engine", "message": "ML prediction completed for project_id=demo-project failure_probability=0.1298", "module": "engine", "function": "run", "line": 127}
{"timestamp": "2026-08-01T09:17:12.652749+00:00", "level": "INFO", "logger": "vidur.inspection_engine.engine", "message": "Inspection started for project_id=demo-project root=C:\\Users\\ka447\\AppData\\Local\\Temp\\pytest-of-ka447\\pytest-13\\test_run_normalizes_project_id2", "module": "engine", "function": "run", "line": 75}
{"timestamp": "2026-08-01T09:17:12.656295+00:00", "level": "INFO", "logger": "vidur.inspection_engine.engine", "message": "Inspection completed for project_id=demo-project health_score=100.0 findings=0", "module": "engine", "function": "run", "line": 93}
{"timestamp": "2026-08-01T09:17:12.656295+00:00", "level": "INFO", "logger": "vidur.ml_prediction.engine", "message": "ML prediction started for project_id=demo-project root=C:\\Users\\ka447\\AppData\\Local\\Temp\\pytest-of-ka447\\pytest-13\\test_run_normalizes_project_id2", "module": "engine", "function": "run", "line": 103}
{"timestamp": "2026-08-01T09:17:12.656295+00:00", "level": "INFO", "logger": "vidur.ml_prediction.engine", "message": "ML prediction completed for project_id=demo-project failure_probability=0.1298", "module": "engine", "function": "run", "line": 127}
{"timestamp": "2026-08-01T09:17:12.682841+00:00", "level": "WARNING", "logger": "vidur.nlp.code_intent_extractor", "message": "Skipping unparseable file app/broken.py: invalid syntax (app/broken.py, line 1)", "module": "code_intent_extractor", "function": "extract", "line": 56}
{"timestamp": "2026-08-01T09:17:12.690246+00:00", "level": "WARNING", "logger": "vidur.nlp.code_intent_extractor", "message": "Skipping unparseable file app/broken.py: invalid syntax (app/broken.py, line 1)", "module": "code_intent_extractor", "function": "extract", "line": 56}
{"timestamp": "2026-08-01T09:17:12.694258+00:00", "level": "WARNING", "logger": "vidur.nlp.code_intent_extractor", "message": "Skipping unparseable file app/broken.py: invalid syntax (app/broken.py, line 1)", "module": "code_intent_extractor", "function": "extract", "line": 56}
{"timestamp": "2026-08-01T09:17:12.765416+00:00", "level": "INFO", "logger": "vidur.nlp.engine", "message": "NLP analysis started for project_id=demo-project root=C:\\Users\\ka447\\AppData\\Local\\Temp\\pytest-of-ka447\\pytest-13\\test_run_produces_nlp_report0", "module": "engine", "function": "run", "line": 76}
{"timestamp": "2026-08-01T09:17:12.772698+00:00", "level": "INFO", "logger": "vidur.nlp.engine", "message": "NLP analysis completed for project_id=demo-project consistency_findings=0", "module": "engine", "function": "run", "line": 94}
{"timestamp": "2026-08-01T09:17:12.778296+00:00", "level": "INFO", "logger": "vidur.nlp.engine", "message": "NLP analysis started for project_id=demo-project root=C:\\Users\\ka447\\AppData\\Local\\Temp\\pytest-of-ka447\\pytest-13\\test_run_includes_semantic_res0", "module": "engine", "function": "run", "line": 76}
{"timestamp": "2026-08-01T09:17:12.783901+00:00", "level": "INFO", "logger": "vidur.nlp.engine", "message": "NLP analysis completed for project_id=demo-project consistency_findings=0", "module": "engine", "function": "run", "line": 94}
{"timestamp": "2026-08-01T09:17:12.788726+00:00", "level": "INFO", "logger": "vidur.nlp.engine", "message": "NLP analysis started for project_id=demo-project root=C:\\Users\\ka447\\AppData\\Local\\Temp\\pytest-of-ka447\\pytest-13\\test_run_normalizes_project_id3", "module": "engine", "function": "run", "line": 76}
{"timestamp": "2026-08-01T09:17:12.793803+00:00", "level": "INFO", "logger": "vidur.nlp.engine", "message": "NLP analysis completed for project_id=demo-project consistency_findings=0", "module": "engine", "function": "run", "line": 94}
{"timestamp": "2026-08-01T09:17:12.831422+00:00", "level": "INFO", "logger": "vidur.memory.engine", "message": "Recording inspection memory for project_id=demo-project", "module": "engine", "function": "_record", "line": 253}
{"timestamp": "2026-08-01T09:17:12.831422+00:00", "level": "INFO", "logger": "vidur.memory.engine", "message": "Recorded inspection memory record_id=7fc7d89081e94005891947db8099b23a for project_id=demo-project", "module": "engine", "function": "_record", "line": 275}
{"timestamp": "2026-08-01T09:17:12.833426+00:00", "level": "INFO", "logger": "vidur.memory.engine", "message": "Recording visual_regression memory for project_id=demo-project", "module": "engine", "function": "_record", "line": 253}
{"timestamp": "2026-08-01T09:17:12.835431+00:00", "level": "INFO", "logger": "vidur.memory.engine", "message": "Recorded visual_regression memory record_id=5471c25c21a14f129aa597e367238ffa for project_id=demo-project", "module": "engine", "function": "_record", "line": 275}
{"timestamp": "2026-08-01T09:17:12.837437+00:00", "level": "INFO", "logger": "vidur.memory.engine", "message": "Recording inspection memory for project_id=demo-project", "module": "engine", "function": "_record", "line": 253}
{"timestamp": "2026-08-01T09:17:12.837437+00:00", "level": "INFO", "logger": "vidur.memory.engine", "message": "Recorded inspection memory record_id=26eb9aa8304e4733a306b7a88d44df6c for project_id=demo-project", "module": "engine", "function": "_record", "line": 275}
{"timestamp": "2026-08-01T09:17:12.841447+00:00", "level": "INFO", "logger": "vidur.memory.engine", "message": "Recording inspection memory for project_id=demo-project", "module": "engine", "function": "_record", "line": 253}
{"timestamp": "2026-08-01T09:17:12.841447+00:00", "level": "INFO", "logger": "vidur.memory.engine", "message": "Recorded inspection memory record_id=7fe3b007e2ea4726984ef8a020ac20a5 for project_id=demo-project", "module": "engine", "function": "_record", "line": 275}
{"timestamp": "2026-08-01T09:17:12.843453+00:00", "level": "INFO", "logger": "vidur.memory.engine", "message": "Memory recall started for project_id=demo-project", "module": "engine", "function": "recall", "line": 136}
{"timestamp": "2026-08-01T09:17:12.843453+00:00", "level": "INFO", "logger": "vidur.memory.engine", "message": "Memory recall completed for project_id=demo-project matches=1", "module": "engine", "function": "recall", "line": 167}
{"timestamp": "2026-08-01T09:17:12.845459+00:00", "level": "INFO", "logger": "vidur.memory.engine", "message": "Memory recall started for project_id=demo-project", "module": "engine", "function": "recall", "line": 136}
{"timestamp": "2026-08-01T09:17:12.845459+00:00", "level": "INFO", "logger": "vidur.memory.engine", "message": "Memory recall completed for project_id=demo-project matches=0", "module": "engine", "function": "recall", "line": 167}
{"timestamp": "2026-08-01T09:17:12.847206+00:00", "level": "INFO", "logger": "vidur.memory.engine", "message": "Recording inspection memory for project_id=demo-project", "module": "engine", "function": "_record", "line": 253}
{"timestamp": "2026-08-01T09:17:12.847206+00:00", "level": "INFO", "logger": "vidur.memory.engine", "message": "Recorded inspection memory record_id=f9f5a941267a4591812039fe254966b1 for project_id=demo-project", "module": "engine", "function": "_record", "line": 275}
{"timestamp": "2026-08-01T09:17:12.847206+00:00", "level": "INFO", "logger": "vidur.memory.engine", "message": "Recording visual_regression memory for project_id=demo-project", "module": "engine", "function": "_record", "line": 253}
{"timestamp": "2026-08-01T09:17:12.847206+00:00", "level": "INFO", "logger": "vidur.memory.engine", "message": "Recorded visual_regression memory record_id=5ef83ec258f54bfdb52691d4f95960e5 for project_id=demo-project", "module": "engine", "function": "_record", "line": 275}
{"timestamp": "2026-08-01T09:17:12.847206+00:00", "level": "INFO", "logger": "vidur.memory.engine", "message": "Recording inspection memory for project_id=demo-project", "module": "engine", "function": "_record", "line": 253}
{"timestamp": "2026-08-01T09:17:12.847206+00:00", "level": "INFO", "logger": "vidur.memory.engine", "message": "Recorded inspection memory record_id=7c4ea28322dd4bd49bc7b65b59837d18 for project_id=demo-project", "module": "engine", "function": "_record", "line": 275}
{"timestamp": "2026-08-01T09:17:12.853206+00:00", "level": "INFO", "logger": "vidur.memory.engine", "message": "Recording visual_regression memory for project_id=demo-project", "module": "engine", "function": "_record", "line": 253}
{"timestamp": "2026-08-01T09:17:12.853206+00:00", "level": "INFO", "logger": "vidur.memory.engine", "message": "Recorded visual_regression memory record_id=430018bb851c4962a9169a8ca1b57af9 for project_id=demo-project", "module": "engine", "function": "_record", "line": 275}
{"timestamp": "2026-08-01T09:17:12.853206+00:00", "level": "INFO", "logger": "vidur.memory.engine", "message": "Recording inspection memory for project_id=demo-project", "module": "engine", "function": "_record", "line": 253}
{"timestamp": "2026-08-01T09:17:12.853206+00:00", "level": "INFO", "logger": "vidur.memory.engine", "message": "Recorded inspection memory record_id=fc4ec5ec55274b3ea94c4c13e3f2dbd8 for project_id=demo-project", "module": "engine", "function": "_record", "line": 275}
{"timestamp": "2026-08-01T09:17:12.859886+00:00", "level": "INFO", "logger": "vidur.memory.engine", "message": "Recording inspection memory for project_id=demo-project", "module": "engine", "function": "_record", "line": 253}
{"timestamp": "2026-08-01T09:17:12.859886+00:00", "level": "INFO", "logger": "vidur.memory.engine", "message": "Recorded inspection memory record_id=3c66630dea6a43c2b95788f1b2a88a52 for project_id=demo-project", "module": "engine", "function": "_record", "line": 275}
{"timestamp": "2026-08-01T09:17:12.863324+00:00", "level": "INFO", "logger": "vidur.memory.engine", "message": "Recording visual_regression memory for project_id=demo-project", "module": "engine", "function": "_record", "line": 253}
{"timestamp": "2026-08-01T09:17:12.863324+00:00", "level": "INFO", "logger": "vidur.memory.engine", "message": "Recorded visual_regression memory record_id=d85e93b3a6854f3dbe9d7f6bcaea0b62 for project_id=demo-project", "module": "engine", "function": "_record", "line": 275}
{"timestamp": "2026-08-01T09:17:12.879158+00:00", "level": "INFO", "logger": "vidur.memory.engine", "message": "Recording inspection memory for project_id=demo-project", "module": "engine", "function": "_record", "line": 253}
{"timestamp": "2026-08-01T09:17:12.880166+00:00", "level": "INFO", "logger": "vidur.memory.engine", "message": "Recorded inspection memory record_id=0c2a94b4598540acae3bbb926725b9db for project_id=demo-project", "module": "engine", "function": "_record", "line": 275}
{"timestamp": "2026-08-01T09:17:12.927924+00:00", "level": "ERROR", "logger": "vidur.memory.record_store", "message": "Failed to persist memory record rec-1 for project_id=demo-project: simulated failure", "module": "record_store", "function": "save", "line": 78}
{"timestamp": "2026-08-01T09:17:12.932762+00:00", "level": "ERROR", "logger": "vidur.memory.record_store", "message": "Failed to list memory records for project_id=demo-project: simulated failure", "module": "record_store", "function": "list_records", "line": 110}
{"timestamp": "2026-08-01T09:17:12.943308+00:00", "level": "ERROR", "logger": "vidur.memory.semantic_index", "message": "Failed to index memory record rec-1 for project_id=demo-project: simulated chroma failure", "module": "semantic_index", "function": "index", "line": 58}
{"timestamp": "2026-08-01T09:17:12.945314+00:00", "level": "ERROR", "logger": "vidur.memory.semantic_index", "message": "Semantic recall query failed for project_id=demo-project: simulated chroma failure", "module": "semantic_index", "function": "query", "line": 85}
{"timestamp": "2026-08-01T09:18:23.710923+00:00", "level": "INFO", "logger": "vidur.inspection_engine.engine", "message": "Inspection started for project_id=demo-project root=C:\\Users\\ka447\\AppData\\Local\\Temp\\pytest-of-ka447\\pytest-14\\test_run_raises_when_feature_f0", "module": "engine", "function": "run", "line": 75}
{"timestamp": "2026-08-01T09:18:23.714898+00:00", "level": "INFO", "logger": "vidur.inspection_engine.engine", "message": "Inspection completed for project_id=demo-project health_score=80.0 findings=1", "module": "engine", "function": "run", "line": 93}
{"timestamp": "2026-08-01T09:18:23.719453+00:00", "level": "INFO", "logger": "vidur.inspection_engine.engine", "message": "Inspection started for project_id=demo-project root=C:\\Users\\ka447\\AppData\\Local\\Temp\\pytest-of-ka447\\pytest-14\\test_run_raises_for_invalid_pr0", "module": "engine", "function": "run", "line": 75}
{"timestamp": "2026-08-01T09:18:23.729539+00:00", "level": "INFO", "logger": "vidur.inspection_engine.engine", "message": "Inspection completed for project_id=demo-project health_score=80.0 findings=1", "module": "engine", "function": "run", "line": 93}
{"timestamp": "2026-08-01T09:18:23.733853+00:00", "level": "INFO", "logger": "vidur.inspection_engine.engine", "message": "Inspection started for project_id=project-a root=C:\\Users\\ka447\\AppData\\Local\\Temp\\pytest-of-ka447\\pytest-14\\test_run_raises_for_mismatched0", "module": "engine", "function": "run", "line": 75}
{"timestamp": "2026-08-01T09:18:23.743061+00:00", "level": "INFO", "logger": "vidur.inspection_engine.engine", "message": "Inspection completed for project_id=project-a health_score=80.0 findings=1", "module": "engine", "function": "run", "line": 93}
{"timestamp": "2026-08-01T09:18:23.746466+00:00", "level": "INFO", "logger": "vidur.inspection_engine.engine", "message": "Inspection started for project_id=demo-project root=C:\\Users\\ka447\\AppData\\Local\\Temp\\pytest-of-ka447\\pytest-14\\test_run_produces_reasoning_re0", "module": "engine", "function": "run", "line": 75}
{"timestamp": "2026-08-01T09:18:23.749603+00:00", "level": "INFO", "logger": "vidur.inspection_engine.engine", "message": "Inspection completed for project_id=demo-project health_score=80.0 findings=1", "module": "engine", "function": "run", "line": 93}
{"timestamp": "2026-08-01T09:18:23.752369+00:00", "level": "INFO", "logger": "vidur.ai_reasoning.engine", "message": "AI reasoning started for project_id=demo-project root=C:\\Users\\ka447\\AppData\\Local\\Temp\\pytest-of-ka447\\pytest-14\\test_run_produces_reasoning_re0", "module": "engine", "function": "run", "line": 80}
{"timestamp": "2026-08-01T09:18:23.752369+00:00", "level": "INFO", "logger": "vidur.ai_reasoning.engine", "message": "AI reasoning completed for project_id=demo-project recommendations=1", "module": "engine", "function": "run", "line": 102}
{"timestamp": "2026-08-01T09:18:23.754372+00:00", "level": "INFO", "logger": "vidur.inspection_engine.engine", "message": "Inspection started for project_id=demo-project root=C:\\Users\\ka447\\AppData\\Local\\Temp\\pytest-of-ka447\\pytest-14\\test_run_normalizes_project_id0", "module": "engine", "function": "run", "line": 75}
{"timestamp": "2026-08-01T09:18:23.754372+00:00", "level": "INFO", "logger": "vidur.inspection_engine.engine", "message": "Inspection completed for project_id=demo-project health_score=80.0 findings=1", "module": "engine", "function": "run", "line": 93}
{"timestamp": "2026-08-01T09:18:23.754372+00:00", "level": "INFO", "logger": "vidur.ai_reasoning.engine", "message": "AI reasoning started for project_id=demo-project root=C:\\Users\\ka447\\AppData\\Local\\Temp\\pytest-of-ka447\\pytest-14\\test_run_normalizes_project_id0", "module": "engine", "function": "run", "line": 80}
{"timestamp": "2026-08-01T09:18:23.754372+00:00", "level": "INFO", "logger": "vidur.ai_reasoning.engine", "message": "AI reasoning completed for project_id=demo-project recommendations=1", "module": "engine", "function": "run", "line": 102}
{"timestamp": "2026-08-01T09:18:23.771619+00:00", "level": "INFO", "logger": "vidur.deep_learning_vision.engine", "message": "Visual comparison started for project_id=demo-project baseline=homepage current=homepage", "module": "engine", "function": "run", "line": 102}
{"timestamp": "2026-08-01T09:18:23.773626+00:00", "level": "INFO", "logger": "vidur.deep_learning_vision.engine", "message": "Visual comparison started for project_id=demo-project baseline=homepage current=homepage", "module": "engine", "function": "run", "line": 102}
{"timestamp": "2026-08-01T09:18:23.775633+00:00", "level": "INFO", "logger": "vidur.deep_learning_vision.engine", "message": "Visual comparison started for project_id=demo-project baseline=homepage current=homepage", "module": "engine", "function": "run", "line": 102}
{"timestamp": "2026-08-01T09:18:23.775633+00:00", "level": "INFO", "logger": "vidur.deep_learning_vision.engine", "message": "Visual comparison completed for project_id=demo-project verdict=regression", "module": "engine", "function": "run", "line": 126}
{"timestamp": "2026-08-01T09:18:23.776640+00:00", "level": "INFO", "logger": "vidur.deep_learning_vision.engine", "message": "Visual comparison started for project_id=demo-project baseline=homepage current=homepage", "module": "engine", "function": "run", "line": 102}
{"timestamp": "2026-08-01T09:18:23.776640+00:00", "level": "INFO", "logger": "vidur.deep_learning_vision.engine", "message": "Visual comparison completed for project_id=demo-project verdict=regression", "module": "engine", "function": "run", "line": 126}
{"timestamp": "2026-08-01T09:18:23.778646+00:00", "level": "INFO", "logger": "vidur.deep_learning_vision.engine", "message": "Visual comparison started for project_id=demo-project baseline=homepage current=homepage", "module": "engine", "function": "run", "line": 102}
{"timestamp": "2026-08-01T09:18:23.778646+00:00", "level": "INFO", "logger": "vidur.deep_learning_vision.engine", "message": "Visual comparison completed for project_id=demo-project verdict=match", "module": "engine", "function": "run", "line": 126}
{"timestamp": "2026-08-01T09:18:23.778646+00:00", "level": "INFO", "logger": "vidur.deep_learning_vision.engine", "message": "Visual comparison started for project_id=demo-project baseline=homepage current=homepage", "module": "engine", "function": "run", "line": 102}
{"timestamp": "2026-08-01T09:18:23.778646+00:00", "level": "INFO", "logger": "vidur.deep_learning_vision.engine", "message": "Visual comparison completed for project_id=demo-project verdict=match", "module": "engine", "function": "run", "line": 126}
{"timestamp": "2026-08-01T09:18:23.881734+00:00", "level": "INFO", "logger": "vidur.inspection_engine.engine", "message": "Inspection started for project_id=demo-project root=C:\\Users\\ka447\\AppData\\Local\\Temp\\pytest-of-ka447\\pytest-14\\test_run_produces_completed_re0", "module": "engine", "function": "run", "line": 75}
{"timestamp": "2026-08-01T09:18:23.892686+00:00", "level": "INFO", "logger": "vidur.inspection_engine.engine", "message": "Inspection completed for project_id=demo-project health_score=100.0 findings=0", "module": "engine", "function": "run", "line": 93}
{"timestamp": "2026-08-01T09:18:23.892686+00:00", "level": "INFO", "logger": "vidur.inspection_engine.engine", "message": "Inspection started for project_id=demo-project root=C:\\Users\\ka447\\AppData\\Local\\Temp\\pytest-of-ka447\\pytest-14\\test_run_detects_findings_acro0", "module": "engine", "function": "run", "line": 75}
{"timestamp": "2026-08-01T09:18:23.895947+00:00", "level": "INFO", "logger": "vidur.inspection_engine.engine", "message": "Inspection completed for project_id=demo-project health_score=0.0 findings=2", "module": "engine", "function": "run", "line": 93}
{"timestamp": "2026-08-01T09:18:23.895947+00:00", "level": "INFO", "logger": "vidur.inspection_engine.engine", "message": "Inspection started for project_id=demo-project root=C:\\Users\\ka447\\AppData\\Local\\Temp\\pytest-of-ka447\\pytest-14\\test_run_with_previous_snapsho0", "module": "engine", "function": "run", "line": 75}
{"timestamp": "2026-08-01T09:18:23.900502+00:00", "level": "INFO", "logger": "vidur.inspection_engine.engine", "message": "Inspection completed for project_id=demo-project health_score=40.0 findings=1", "module": "engine", "function": "run", "line": 93}
{"timestamp": "2026-08-01T09:18:23.900502+00:00", "level": "INFO", "logger": "vidur.inspection_engine.engine", "message": "Inspection started for project_id=demo-project root=C:\\Users\\ka447\\AppData\\Local\\Temp\\pytest-of-ka447\\pytest-14\\test_run_with_previous_snapsho0", "module": "engine", "function": "run", "line": 75}
{"timestamp": "2026-08-01T09:18:23.902512+00:00", "level": "INFO", "logger": "vidur.inspection_engine.engine", "message": "Inspection completed for project_id=demo-project health_score=60.0 findings=2", "module": "engine", "function": "run", "line": 93}
{"timestamp": "2026-08-01T09:18:23.906523+00:00", "level": "INFO", "logger": "vidur.inspection_engine.engine", "message": "Inspection started for project_id=demo-project root=C:\\Users\\ka447\\AppData\\Local\\Temp\\pytest-of-ka447\\pytest-14\\test_run_normalizes_project_id1", "module": "engine", "function": "run", "line": 75}
{"timestamp": "2026-08-01T09:18:23.908528+00:00", "level": "INFO", "logger": "vidur.inspection_engine.engine", "message": "Inspection completed for project_id=demo-project health_score=40.0 findings=1", "module": "engine", "function": "run", "line": 93}
{"timestamp": "2026-08-01T09:18:23.938228+00:00", "level": "INFO", "logger": "vidur.inspection_engine.engine", "message": "Inspection started for project_id=demo-project root=C:\\Users\\ka447\\AppData\\Local\\Temp\\pytest-of-ka447\\pytest-14\\test_run_raises_when_feature_f2", "module": "engine", "function": "run", "line": 75}
{"timestamp": "2026-08-01T09:18:23.944068+00:00", "level": "INFO", "logger": "vidur.inspection_engine.engine", "message": "Inspection completed for project_id=demo-project health_score=100.0 findings=0", "module": "engine", "function": "run", "line": 93}
{"timestamp": "2026-08-01T09:18:23.948079+00:00", "level": "INFO", "logger": "vidur.inspection_engine.engine", "message": "Inspection started for project_id=demo-project root=C:\\Users\\ka447\\AppData\\Local\\Temp\\pytest-of-ka447\\pytest-14\\test_run_raises_for_invalid_pr2", "module": "engine", "function": "run", "line": 75}
{"timestamp": "2026-08-01T09:18:23.952045+00:00", "level": "INFO", "logger": "vidur.inspection_engine.engine", "message": "Inspection completed for project_id=demo-project health_score=100.0 findings=0", "module": "engine", "function": "run", "line": 93}
{"timestamp": "2026-08-01T09:18:23.957811+00:00", "level": "INFO", "logger": "vidur.inspection_engine.engine", "message": "Inspection started for project_id=project-a root=C:\\Users\\ka447\\AppData\\Local\\Temp\\pytest-of-ka447\\pytest-14\\test_run_raises_for_mismatched1", "module": "engine", "function": "run", "line": 75}
{"timestamp": "2026-08-01T09:18:23.959817+00:00", "level": "INFO", "logger": "vidur.inspection_engine.engine", "message": "Inspection completed for project_id=project-a health_score=100.0 findings=0", "module": "engine", "function": "run", "line": 93}
{"timestamp": "2026-08-01T09:18:23.965826+00:00", "level": "INFO", "logger": "vidur.inspection_engine.engine", "message": "Inspection started for project_id=demo-project root=C:\\Users\\ka447\\AppData\\Local\\Temp\\pytest-of-ka447\\pytest-14\\test_run_raises_for_mismatched2", "module": "engine", "function": "run", "line": 75}
{"timestamp": "2026-08-01T09:18:23.965826+00:00", "level": "INFO", "logger": "vidur.inspection_engine.engine", "message": "Inspection completed for project_id=demo-project health_score=100.0 findings=0", "module": "engine", "function": "run", "line": 93}
{"timestamp": "2026-08-01T09:18:23.965826+00:00", "level": "INFO", "logger": "vidur.ai_reasoning.engine", "message": "AI reasoning started for project_id=demo-project root=C:\\Users\\ka447\\AppData\\Local\\Temp\\pytest-of-ka447\\pytest-14\\test_run_raises_for_mismatched2", "module": "engine", "function": "run", "line": 80}
{"timestamp": "2026-08-01T09:18:23.965826+00:00", "level": "INFO", "logger": "vidur.ai_reasoning.engine", "message": "AI reasoning completed for project_id=demo-project recommendations=0", "module": "engine", "function": "run", "line": 102}
{"timestamp": "2026-08-01T09:18:23.972000+00:00", "level": "INFO", "logger": "vidur.inspection_engine.engine", "message": "Inspection started for project_id=demo-project root=C:\\Users\\ka447\\AppData\\Local\\Temp\\pytest-of-ka447\\pytest-14\\test_run_produces_ml_predictio0", "module": "engine", "function": "run", "line": 75}
{"timestamp": "2026-08-01T09:18:23.976590+00:00", "level": "INFO", "logger": "vidur.inspection_engine.engine", "message": "Inspection completed for project_id=demo-project health_score=100.0 findings=0", "module": "engine", "function": "run", "line": 93}
{"timestamp": "2026-08-01T09:18:23.976590+00:00", "level": "INFO", "logger": "vidur.ml_prediction.engine", "message": "ML prediction started for project_id=demo-project root=C:\\Users\\ka447\\AppData\\Local\\Temp\\pytest-of-ka447\\pytest-14\\test_run_produces_ml_predictio0", "module": "engine", "function": "run", "line": 103}
{"timestamp": "2026-08-01T09:18:23.976590+00:00", "level": "INFO", "logger": "vidur.ml_prediction.engine", "message": "ML prediction completed for project_id=demo-project failure_probability=0.1298", "module": "engine", "function": "run", "line": 127}
{"timestamp": "2026-08-01T09:18:23.976590+00:00", "level": "INFO", "logger": "vidur.inspection_engine.engine", "message": "Inspection started for project_id=demo-project root=C:\\Users\\ka447\\AppData\\Local\\Temp\\pytest-of-ka447\\pytest-14\\test_run_produces_ml_predictio1", "module": "engine", "function": "run", "line": 75}
{"timestamp": "2026-08-01T09:18:23.983142+00:00", "level": "INFO", "logger": "vidur.inspection_engine.engine", "message": "Inspection completed for project_id=demo-project health_score=100.0 findings=0", "module": "engine", "function": "run", "line": 93}
{"timestamp": "2026-08-01T09:18:23.985237+00:00", "level": "INFO", "logger": "vidur.ai_reasoning.engine", "message": "AI reasoning started for project_id=demo-project root=C:\\Users\\ka447\\AppData\\Local\\Temp\\pytest-of-ka447\\pytest-14\\test_run_produces_ml_predictio1", "module": "engine", "function": "run", "line": 80}
{"timestamp": "2026-08-01T09:18:23.985237+00:00", "level": "INFO", "logger": "vidur.ai_reasoning.engine", "message": "AI reasoning completed for project_id=demo-project recommendations=0", "module": "engine", "function": "run", "line": 102}
{"timestamp": "2026-08-01T09:18:23.986243+00:00", "level": "INFO", "logger": "vidur.ml_prediction.engine", "message": "ML prediction started for project_id=demo-project root=C:\\Users\\ka447\\AppData\\Local\\Temp\\pytest-of-ka447\\pytest-14\\test_run_produces_ml_predictio1", "module": "engine", "function": "run", "line": 103}
{"timestamp": "2026-08-01T09:18:23.986602+00:00", "level": "INFO", "logger": "vidur.ml_prediction.engine", "message": "ML prediction completed for project_id=demo-project failure_probability=0.1298", "module": "engine", "function": "run", "line": 127}
{"timestamp": "2026-08-01T09:18:23.988110+00:00", "level": "INFO", "logger": "vidur.inspection_engine.engine", "message": "Inspection started for project_id=demo-project root=C:\\Users\\ka447\\AppData\\Local\\Temp\\pytest-of-ka447\\pytest-14\\test_run_uses_historical_healt0", "module": "engine", "function": "run", "line": 75}
{"timestamp": "2026-08-01T09:18:23.991458+00:00", "level": "INFO", "logger": "vidur.inspection_engine.engine", "message": "Inspection completed for project_id=demo-project health_score=100.0 findings=0", "module": "engine", "function": "run", "line": 93}
{"timestamp": "2026-08-01T09:18:23.991458+00:00", "level": "INFO", "logger": "vidur.ml_prediction.engine", "message": "ML prediction started for project_id=demo-project root=C:\\Users\\ka447\\AppData\\Local\\Temp\\pytest-of-ka447\\pytest-14\\test_run_uses_historical_healt0", "module": "engine", "function": "run", "line": 103}
{"timestamp": "2026-08-01T09:18:23.991458+00:00", "level": "INFO", "logger": "vidur.ml_prediction.engine", "message": "ML prediction completed for project_id=demo-project failure_probability=0.1298", "module": "engine", "function": "run", "line": 127}
{"timestamp": "2026-08-01T09:18:23.997556+00:00", "level": "INFO", "logger": "vidur.inspection_engine.engine", "message": "Inspection started for project_id=demo-project root=C:\\Users\\ka447\\AppData\\Local\\Temp\\pytest-of-ka447\\pytest-14\\test_run_normalizes_project_id2", "module": "engine", "function": "run", "line": 75}
{"timestamp": "2026-08-01T09:18:24.000844+00:00", "level": "INFO", "logger": "vidur.inspection_engine.engine", "message": "Inspection completed for project_id=demo-project health_score=100.0 findings=0", "module": "engine", "function": "run", "line": 93}
{"timestamp": "2026-08-01T09:18:24.000844+00:00", "level": "INFO", "logger": "vidur.ml_prediction.engine", "message": "ML prediction started for project_id=demo-project root=C:\\Users\\ka447\\AppData\\Local\\Temp\\pytest-of-ka447\\pytest-14\\test_run_normalizes_project_id2", "module": "engine", "function": "run", "line": 103}
{"timestamp": "2026-08-01T09:18:24.001430+00:00", "level": "INFO", "logger": "vidur.ml_prediction.engine", "message": "ML prediction completed for project_id=demo-project failure_probability=0.1298", "module": "engine", "function": "run", "line": 127}
{"timestamp": "2026-08-01T09:18:24.026652+00:00", "level": "WARNING", "logger": "vidur.nlp.code_intent_extractor", "message": "Skipping unparseable file app/broken.py: invalid syntax (app/broken.py, line 1)", "module": "code_intent_extractor", "function": "extract", "line": 56}
{"timestamp": "2026-08-01T09:18:24.032910+00:00", "level": "WARNING", "logger": "vidur.nlp.code_intent_extractor", "message": "Skipping unparseable file app/broken.py: invalid syntax (app/broken.py, line 1)", "module": "code_intent_extractor", "function": "extract", "line": 56}
{"timestamp": "2026-08-01T09:18:24.038383+00:00", "level": "WARNING", "logger": "vidur.nlp.code_intent_extractor", "message": "Skipping unparseable file app/broken.py: invalid syntax (app/broken.py, line 1)", "module": "code_intent_extractor", "function": "extract", "line": 56}
{"timestamp": "2026-08-01T09:18:24.083505+00:00", "level": "INFO", "logger": "vidur.nlp.engine", "message": "NLP analysis started for project_id=demo-project root=C:\\Users\\ka447\\AppData\\Local\\Temp\\pytest-of-ka447\\pytest-14\\test_run_produces_nlp_report0", "module": "engine", "function": "run", "line": 76}
{"timestamp": "2026-08-01T09:18:24.083505+00:00", "level": "INFO", "logger": "vidur.nlp.engine", "message": "NLP analysis completed for project_id=demo-project consistency_findings=0", "module": "engine", "function": "run", "line": 94}
{"timestamp": "2026-08-01T09:18:24.083505+00:00", "level": "INFO", "logger": "vidur.nlp.engine", "message": "NLP analysis started for project_id=demo-project root=C:\\Users\\ka447\\AppData\\Local\\Temp\\pytest-of-ka447\\pytest-14\\test_run_includes_semantic_res0", "module": "engine", "function": "run", "line": 76}
{"timestamp": "2026-08-01T09:18:24.083505+00:00", "level": "INFO", "logger": "vidur.nlp.engine", "message": "NLP analysis completed for project_id=demo-project consistency_findings=0", "module": "engine", "function": "run", "line": 94}
{"timestamp": "2026-08-01T09:18:24.098209+00:00", "level": "INFO", "logger": "vidur.nlp.engine", "message": "NLP analysis started for project_id=demo-project root=C:\\Users\\ka447\\AppData\\Local\\Temp\\pytest-of-ka447\\pytest-14\\test_run_normalizes_project_id3", "module": "engine", "function": "run", "line": 76}
{"timestamp": "2026-08-01T09:18:24.098209+00:00", "level": "INFO", "logger": "vidur.nlp.engine", "message": "NLP analysis completed for project_id=demo-project consistency_findings=0", "module": "engine", "function": "run", "line": 94}
{"timestamp": "2026-08-01T09:18:24.138546+00:00", "level": "INFO", "logger": "vidur.memory.engine", "message": "Recording inspection memory for project_id=demo-project", "module": "engine", "function": "_record", "line": 253}
{"timestamp": "2026-08-01T09:18:24.138546+00:00", "level": "INFO", "logger": "vidur.memory.engine", "message": "Recorded inspection memory record_id=6801fd2ff16742b6a1f2a6f9a0ddb896 for project_id=demo-project", "module": "engine", "function": "_record", "line": 275}
{"timestamp": "2026-08-01T09:18:24.140552+00:00", "level": "INFO", "logger": "vidur.memory.engine", "message": "Recording visual_regression memory for project_id=demo-project", "module": "engine", "function": "_record", "line": 253}
{"timestamp": "2026-08-01T09:18:24.140552+00:00", "level": "INFO", "logger": "vidur.memory.engine", "message": "Recorded visual_regression memory record_id=08ed1569e9174cdcab2c48be2a7680de for project_id=demo-project", "module": "engine", "function": "_record", "line": 275}
{"timestamp": "2026-08-01T09:18:24.145130+00:00", "level": "INFO", "logger": "vidur.memory.engine", "message": "Recording inspection memory for project_id=demo-project", "module": "engine", "function": "_record", "line": 253}
{"timestamp": "2026-08-01T09:18:24.145130+00:00", "level": "INFO", "logger": "vidur.memory.engine", "message": "Recorded inspection memory record_id=c5b55d7d4c8946168019773b84e60a30 for project_id=demo-project", "module": "engine", "function": "_record", "line": 275}
{"timestamp": "2026-08-01T09:18:24.151061+00:00", "level": "INFO", "logger": "vidur.memory.engine", "message": "Recording inspection memory for project_id=demo-project", "module": "engine", "function": "_record", "line": 253}
{"timestamp": "2026-08-01T09:18:24.151061+00:00", "level": "INFO", "logger": "vidur.memory.engine", "message": "Recorded inspection memory record_id=36f7a908baa043e3819cc0c1526d33d3 for project_id=demo-project", "module": "engine", "function": "_record", "line": 275}
{"timestamp": "2026-08-01T09:18:24.153067+00:00", "level": "INFO", "logger": "vidur.memory.engine", "message": "Memory recall started for project_id=demo-project", "module": "engine", "function": "recall", "line": 136}
{"timestamp": "2026-08-01T09:18:24.153067+00:00", "level": "INFO", "logger": "vidur.memory.engine", "message": "Memory recall completed for project_id=demo-project matches=1", "module": "engine", "function": "recall", "line": 167}
{"timestamp": "2026-08-01T09:18:24.153067+00:00", "level": "INFO", "logger": "vidur.memory.engine", "message": "Memory recall started for project_id=demo-project", "module": "engine", "function": "recall", "line": 136}
{"timestamp": "2026-08-01T09:18:24.153067+00:00", "level": "INFO", "logger": "vidur.memory.engine", "message": "Memory recall completed for project_id=demo-project matches=0", "module": "engine", "function": "recall", "line": 167}
{"timestamp": "2026-08-01T09:18:24.153067+00:00", "level": "INFO", "logger": "vidur.memory.engine", "message": "Recording inspection memory for project_id=demo-project", "module": "engine", "function": "_record", "line": 253}
{"timestamp": "2026-08-01T09:18:24.153067+00:00", "level": "INFO", "logger": "vidur.memory.engine", "message": "Recorded inspection memory record_id=7db13f6b7b0f4e1dbdbddd2bf6b1b5ea for project_id=demo-project", "module": "engine", "function": "_record", "line": 275}
{"timestamp": "2026-08-01T09:18:24.160786+00:00", "level": "INFO", "logger": "vidur.memory.engine", "message": "Recording visual_regression memory for project_id=demo-project", "module": "engine", "function": "_record", "line": 253}
{"timestamp": "2026-08-01T09:18:24.160786+00:00", "level": "INFO", "logger": "vidur.memory.engine", "message": "Recorded visual_regression memory record_id=5a945a2da38d4ee9896e75d8d381e77b for project_id=demo-project", "module": "engine", "function": "_record", "line": 275}
{"timestamp": "2026-08-01T09:18:24.165200+00:00", "level": "INFO", "logger": "vidur.memory.engine", "message": "Recording inspection memory for project_id=demo-project", "module": "engine", "function": "_record", "line": 253}
{"timestamp": "2026-08-01T09:18:24.165200+00:00", "level": "INFO", "logger": "vidur.memory.engine", "message": "Recorded inspection memory record_id=9cdd894c7b694a8487a20161efeef780 for project_id=demo-project", "module": "engine", "function": "_record", "line": 275}
{"timestamp": "2026-08-01T09:18:24.165200+00:00", "level": "INFO", "logger": "vidur.memory.engine", "message": "Recording visual_regression memory for project_id=demo-project", "module": "engine", "function": "_record", "line": 253}
{"timestamp": "2026-08-01T09:18:24.165200+00:00", "level": "INFO", "logger": "vidur.memory.engine", "message": "Recorded visual_regression memory record_id=e20e7b0a23e84dc8a64faa7ff2de930f for project_id=demo-project", "module": "engine", "function": "_record", "line": 275}
{"timestamp": "2026-08-01T09:18:24.165200+00:00", "level": "INFO", "logger": "vidur.memory.engine", "message": "Recording inspection memory for project_id=demo-project", "module": "engine", "function": "_record", "line": 253}
{"timestamp": "2026-08-01T09:18:24.165200+00:00", "level": "INFO", "logger": "vidur.memory.engine", "message": "Recorded inspection memory record_id=b729ddd4a77a4d1c8cd4bc367535b424 for project_id=demo-project", "module": "engine", "function": "_record", "line": 275}
{"timestamp": "2026-08-01T09:18:24.165200+00:00", "level": "INFO", "logger": "vidur.memory.engine", "message": "Recording inspection memory for project_id=demo-project", "module": "engine", "function": "_record", "line": 253}
{"timestamp": "2026-08-01T09:18:24.165200+00:00", "level": "INFO", "logger": "vidur.memory.engine", "message": "Recorded inspection memory record_id=4cdbd8d09cf94285984bcdacbbea4bc4 for project_id=demo-project", "module": "engine", "function": "_record", "line": 275}
{"timestamp": "2026-08-01T09:18:24.177041+00:00", "level": "INFO", "logger": "vidur.memory.engine", "message": "Recording visual_regression memory for project_id=demo-project", "module": "engine", "function": "_record", "line": 253}
{"timestamp": "2026-08-01T09:18:24.177041+00:00", "level": "INFO", "logger": "vidur.memory.engine", "message": "Recorded visual_regression memory record_id=e914bfd798c3482893c71ee861adc416 for project_id=demo-project", "module": "engine", "function": "_record", "line": 275}
{"timestamp": "2026-08-01T09:18:24.177610+00:00", "level": "INFO", "logger": "vidur.memory.engine", "message": "Recording inspection memory for project_id=demo-project", "module": "engine", "function": "_record", "line": 253}
{"timestamp": "2026-08-01T09:18:24.177610+00:00", "level": "INFO", "logger": "vidur.memory.engine", "message": "Recorded inspection memory record_id=0a1e8063766d432e816f00a5e5737358 for project_id=demo-project", "module": "engine", "function": "_record", "line": 275}
{"timestamp": "2026-08-01T09:18:24.189644+00:00", "level": "ERROR", "logger": "vidur.memory.record_store", "message": "Failed to persist memory record rec-1 for project_id=demo-project: simulated failure", "module": "record_store", "function": "save", "line": 78}
{"timestamp": "2026-08-01T09:18:24.191650+00:00", "level": "ERROR", "logger": "vidur.memory.record_store", "message": "Failed to list memory records for project_id=demo-project: simulated failure", "module": "record_store", "function": "list_records", "line": 110}
{"timestamp": "2026-08-01T09:18:24.193155+00:00", "level": "ERROR", "logger": "vidur.memory.semantic_index", "message": "Failed to index memory record rec-1 for project_id=demo-project: simulated chroma failure", "module": "semantic_index", "function": "index", "line": 58}
{"timestamp": "2026-08-01T09:18:24.193155+00:00", "level": "ERROR", "logger": "vidur.memory.semantic_index", "message": "Semantic recall query failed for project_id=demo-project: simulated chroma failure", "module": "semantic_index", "function": "query", "line": 85}
{"timestamp": "2026-08-01T09:31:20.478699+00:00", "level": "INFO", "logger": "vidur.inspection_engine.engine", "message": "Inspection started for project_id=demo-project root=app/config", "module": "engine", "function": "run", "line": 75}
{"timestamp": "2026-08-01T09:31:20.490010+00:00", "level": "INFO", "logger": "vidur.inspection_engine.engine", "message": "Inspection completed for project_id=demo-project health_score=100.0 findings=0", "module": "engine", "function": "run", "line": 93}
{"timestamp": "2026-08-01T09:31:20.490010+00:00", "level": "INFO", "logger": "vidur.nlp.engine", "message": "NLP analysis started for project_id=demo-project root=.", "module": "engine", "function": "run", "line": 76}
{"timestamp": "2026-08-01T09:31:20.633699+00:00", "level": "INFO", "logger": "vidur.nlp.engine", "message": "NLP analysis completed for project_id=demo-project consistency_findings=4", "module": "engine", "function": "run", "line": 94}
{"timestamp": "2026-08-01T09:31:20.633699+00:00", "level": "INFO", "logger": "vidur.inspection_engine.engine", "message": "Inspection started for project_id=demo-project root=app/config", "module": "engine", "function": "run", "line": 75}
{"timestamp": "2026-08-01T09:31:20.646876+00:00", "level": "INFO", "logger": "vidur.inspection_engine.engine", "message": "Inspection completed for project_id=demo-project health_score=100.0 findings=0", "module": "engine", "function": "run", "line": 93}
{"timestamp": "2026-08-01T09:31:20.646876+00:00", "level": "INFO", "logger": "vidur.ai_reasoning.engine", "message": "AI reasoning started for project_id=demo-project root=app/config", "module": "engine", "function": "run", "line": 80}
{"timestamp": "2026-08-01T09:31:20.650756+00:00", "level": "INFO", "logger": "vidur.ai_reasoning.engine", "message": "AI reasoning completed for project_id=demo-project recommendations=0", "module": "engine", "function": "run", "line": 102}
{"timestamp": "2026-08-01T09:31:28.330817+00:00", "level": "ERROR", "logger": "vidur.memory.engine", "message": "Failed to load memory history for project_id=demo-project: MongoDB client is not initialized. Call connect_to_mongo() at startup.", "module": "engine", "function": "history", "line": 194}
{"timestamp": "2026-08-01T09:31:28.350548+00:00", "level": "INFO", "logger": "vidur.memory.engine", "message": "Memory recall started for project_id=demo-project", "module": "engine", "function": "recall", "line": 136}
{"timestamp": "2026-08-01T09:31:28.350548+00:00", "level": "ERROR", "logger": "vidur.memory.engine", "message": "Memory recall failed for project_id=demo-project: ChromaDB client is not initialized. Call connect_to_chroma() at startup.", "module": "engine", "function": "recall", "line": 153}
{"timestamp": "2026-08-01T09:31:37.017302+00:00", "level": "INFO", "logger": "vidur.deep_learning_vision.engine", "message": "Visual comparison started for project_id=demo-project baseline=before current=after", "module": "engine", "function": "run", "line": 102}
{"timestamp": "2026-08-01T09:31:37.017302+00:00", "level": "INFO", "logger": "vidur.deep_learning_vision.engine", "message": "Visual comparison completed for project_id=demo-project verdict=regression", "module": "engine", "function": "run", "line": 126}
{"timestamp": "2026-08-01T09:31:37.029185+00:00", "level": "INFO", "logger": "vidur.inspection_engine.engine", "message": "Inspection started for project_id=demo-project root=app/config", "module": "engine", "function": "run", "line": 75}
{"timestamp": "2026-08-01T09:31:37.036003+00:00", "level": "INFO", "logger": "vidur.inspection_engine.engine", "message": "Inspection completed for project_id=demo-project health_score=100.0 findings=0", "module": "engine", "function": "run", "line": 93}
{"timestamp": "2026-08-01T09:31:37.036003+00:00", "level": "INFO", "logger": "vidur.ai_reasoning.engine", "message": "AI reasoning started for project_id=demo-project root=app/config", "module": "engine", "function": "run", "line": 80}
{"timestamp": "2026-08-01T09:31:37.036003+00:00", "level": "INFO", "logger": "vidur.ai_reasoning.engine", "message": "AI reasoning completed for project_id=demo-project recommendations=0", "module": "engine", "function": "run", "line": 102}
{"timestamp": "2026-08-01T09:31:37.036003+00:00", "level": "INFO", "logger": "vidur.ml_prediction.engine", "message": "ML prediction started for project_id=demo-project root=app/config", "module": "engine", "function": "run", "line": 103}
{"timestamp": "2026-08-01T09:31:37.036003+00:00", "level": "INFO", "logger": "vidur.ml_prediction.engine", "message": "ML prediction completed for project_id=demo-project failure_probability=0.0790", "module": "engine", "function": "run", "line": 127}
{"timestamp": "2026-08-01T09:39:59.449452+00:00", "level": "INFO", "logger": "vidur.inspection_engine.engine", "message": "Inspection started for project_id=demo-project root=C:\\Users\\ka447\\AppData\\Local\\Temp\\pytest-of-ka447\\pytest-15\\test_run_raises_when_feature_f0", "module": "engine", "function": "run", "line": 75}
{"timestamp": "2026-08-01T09:39:59.449452+00:00", "level": "INFO", "logger": "vidur.inspection_engine.engine", "message": "Inspection completed for project_id=demo-project health_score=80.0 findings=1", "module": "engine", "function": "run", "line": 93}
{"timestamp": "2026-08-01T09:39:59.461391+00:00", "level": "INFO", "logger": "vidur.inspection_engine.engine", "message": "Inspection started for project_id=demo-project root=C:\\Users\\ka447\\AppData\\Local\\Temp\\pytest-of-ka447\\pytest-15\\test_run_raises_for_invalid_pr0", "module": "engine", "function": "run", "line": 75}
{"timestamp": "2026-08-01T09:39:59.464624+00:00", "level": "INFO", "logger": "vidur.inspection_engine.engine", "message": "Inspection completed for project_id=demo-project health_score=80.0 findings=1", "module": "engine", "function": "run", "line": 93}
{"timestamp": "2026-08-01T09:39:59.468195+00:00", "level": "INFO", "logger": "vidur.inspection_engine.engine", "message": "Inspection started for project_id=project-a root=C:\\Users\\ka447\\AppData\\Local\\Temp\\pytest-of-ka447\\pytest-15\\test_run_raises_for_mismatched0", "module": "engine", "function": "run", "line": 75}
{"timestamp": "2026-08-01T09:39:59.468195+00:00", "level": "INFO", "logger": "vidur.inspection_engine.engine", "message": "Inspection completed for project_id=project-a health_score=80.0 findings=1", "module": "engine", "function": "run", "line": 93}
{"timestamp": "2026-08-01T09:39:59.476926+00:00", "level": "INFO", "logger": "vidur.inspection_engine.engine", "message": "Inspection started for project_id=demo-project root=C:\\Users\\ka447\\AppData\\Local\\Temp\\pytest-of-ka447\\pytest-15\\test_run_produces_reasoning_re0", "module": "engine", "function": "run", "line": 75}
{"timestamp": "2026-08-01T09:39:59.478819+00:00", "level": "INFO", "logger": "vidur.inspection_engine.engine", "message": "Inspection completed for project_id=demo-project health_score=80.0 findings=1", "module": "engine", "function": "run", "line": 93}
{"timestamp": "2026-08-01T09:39:59.481922+00:00", "level": "INFO", "logger": "vidur.ai_reasoning.engine", "message": "AI reasoning started for project_id=demo-project root=C:\\Users\\ka447\\AppData\\Local\\Temp\\pytest-of-ka447\\pytest-15\\test_run_produces_reasoning_re0", "module": "engine", "function": "run", "line": 80}
{"timestamp": "2026-08-01T09:39:59.481922+00:00", "level": "INFO", "logger": "vidur.ai_reasoning.engine", "message": "AI reasoning completed for project_id=demo-project recommendations=1", "module": "engine", "function": "run", "line": 102}
{"timestamp": "2026-08-01T09:39:59.481922+00:00", "level": "INFO", "logger": "vidur.inspection_engine.engine", "message": "Inspection started for project_id=demo-project root=C:\\Users\\ka447\\AppData\\Local\\Temp\\pytest-of-ka447\\pytest-15\\test_run_normalizes_project_id0", "module": "engine", "function": "run", "line": 75}
{"timestamp": "2026-08-01T09:39:59.481922+00:00", "level": "INFO", "logger": "vidur.inspection_engine.engine", "message": "Inspection completed for project_id=demo-project health_score=80.0 findings=1", "module": "engine", "function": "run", "line": 93}
{"timestamp": "2026-08-01T09:39:59.481922+00:00", "level": "INFO", "logger": "vidur.ai_reasoning.engine", "message": "AI reasoning started for project_id=demo-project root=C:\\Users\\ka447\\AppData\\Local\\Temp\\pytest-of-ka447\\pytest-15\\test_run_normalizes_project_id0", "module": "engine", "function": "run", "line": 80}
{"timestamp": "2026-08-01T09:39:59.481922+00:00", "level": "INFO", "logger": "vidur.ai_reasoning.engine", "message": "AI reasoning completed for project_id=demo-project recommendations=1", "module": "engine", "function": "run", "line": 102}
{"timestamp": "2026-08-01T09:39:59.506678+00:00", "level": "INFO", "logger": "vidur.deep_learning_vision.engine", "message": "Visual comparison started for project_id=demo-project baseline=homepage current=homepage", "module": "engine", "function": "run", "line": 102}
{"timestamp": "2026-08-01T09:39:59.507529+00:00", "level": "INFO", "logger": "vidur.deep_learning_vision.engine", "message": "Visual comparison started for project_id=demo-project baseline=homepage current=homepage", "module": "engine", "function": "run", "line": 102}
{"timestamp": "2026-08-01T09:39:59.508693+00:00", "level": "INFO", "logger": "vidur.deep_learning_vision.engine", "message": "Visual comparison started for project_id=demo-project baseline=homepage current=homepage", "module": "engine", "function": "run", "line": 102}
{"timestamp": "2026-08-01T09:39:59.508693+00:00", "level": "INFO", "logger": "vidur.deep_learning_vision.engine", "message": "Visual comparison completed for project_id=demo-project verdict=regression", "module": "engine", "function": "run", "line": 126}
{"timestamp": "2026-08-01T09:39:59.508693+00:00", "level": "INFO", "logger": "vidur.deep_learning_vision.engine", "message": "Visual comparison started for project_id=demo-project baseline=homepage current=homepage", "module": "engine", "function": "run", "line": 102}
{"timestamp": "2026-08-01T09:39:59.508693+00:00", "level": "INFO", "logger": "vidur.deep_learning_vision.engine", "message": "Visual comparison completed for project_id=demo-project verdict=regression", "module": "engine", "function": "run", "line": 126}
{"timestamp": "2026-08-01T09:39:59.508693+00:00", "level": "INFO", "logger": "vidur.deep_learning_vision.engine", "message": "Visual comparison started for project_id=demo-project baseline=homepage current=homepage", "module": "engine", "function": "run", "line": 102}
{"timestamp": "2026-08-01T09:39:59.508693+00:00", "level": "INFO", "logger": "vidur.deep_learning_vision.engine", "message": "Visual comparison completed for project_id=demo-project verdict=match", "module": "engine", "function": "run", "line": 126}
{"timestamp": "2026-08-01T09:39:59.508693+00:00", "level": "INFO", "logger": "vidur.deep_learning_vision.engine", "message": "Visual comparison started for project_id=demo-project baseline=homepage current=homepage", "module": "engine", "function": "run", "line": 102}
{"timestamp": "2026-08-01T09:39:59.508693+00:00", "level": "INFO", "logger": "vidur.deep_learning_vision.engine", "message": "Visual comparison completed for project_id=demo-project verdict=match", "module": "engine", "function": "run", "line": 126}
{"timestamp": "2026-08-01T09:39:59.614292+00:00", "level": "INFO", "logger": "vidur.inspection_engine.engine", "message": "Inspection started for project_id=demo-project root=C:\\Users\\ka447\\AppData\\Local\\Temp\\pytest-of-ka447\\pytest-15\\test_run_produces_completed_re0", "module": "engine", "function": "run", "line": 75}
{"timestamp": "2026-08-01T09:39:59.619713+00:00", "level": "INFO", "logger": "vidur.inspection_engine.engine", "message": "Inspection completed for project_id=demo-project health_score=100.0 findings=0", "module": "engine", "function": "run", "line": 93}
{"timestamp": "2026-08-01T09:39:59.619713+00:00", "level": "INFO", "logger": "vidur.inspection_engine.engine", "message": "Inspection started for project_id=demo-project root=C:\\Users\\ka447\\AppData\\Local\\Temp\\pytest-of-ka447\\pytest-15\\test_run_detects_findings_acro0", "module": "engine", "function": "run", "line": 75}
{"timestamp": "2026-08-01T09:39:59.619713+00:00", "level": "INFO", "logger": "vidur.inspection_engine.engine", "message": "Inspection completed for project_id=demo-project health_score=0.0 findings=2", "module": "engine", "function": "run", "line": 93}
{"timestamp": "2026-08-01T09:39:59.626558+00:00", "level": "INFO", "logger": "vidur.inspection_engine.engine", "message": "Inspection started for project_id=demo-project root=C:\\Users\\ka447\\AppData\\Local\\Temp\\pytest-of-ka447\\pytest-15\\test_run_with_previous_snapsho0", "module": "engine", "function": "run", "line": 75}
{"timestamp": "2026-08-01T09:39:59.628846+00:00", "level": "INFO", "logger": "vidur.inspection_engine.engine", "message": "Inspection completed for project_id=demo-project health_score=40.0 findings=1", "module": "engine", "function": "run", "line": 93}
{"timestamp": "2026-08-01T09:39:59.628846+00:00", "level": "INFO", "logger": "vidur.inspection_engine.engine", "message": "Inspection started for project_id=demo-project root=C:\\Users\\ka447\\AppData\\Local\\Temp\\pytest-of-ka447\\pytest-15\\test_run_with_previous_snapsho0", "module": "engine", "function": "run", "line": 75}
{"timestamp": "2026-08-01T09:39:59.630911+00:00", "level": "INFO", "logger": "vidur.inspection_engine.engine", "message": "Inspection completed for project_id=demo-project health_score=60.0 findings=2", "module": "engine", "function": "run", "line": 93}
{"timestamp": "2026-08-01T09:39:59.634123+00:00", "level": "INFO", "logger": "vidur.inspection_engine.engine", "message": "Inspection started for project_id=demo-project root=C:\\Users\\ka447\\AppData\\Local\\Temp\\pytest-of-ka447\\pytest-15\\test_run_normalizes_project_id1", "module": "engine", "function": "run", "line": 75}
{"timestamp": "2026-08-01T09:39:59.635964+00:00", "level": "INFO", "logger": "vidur.inspection_engine.engine", "message": "Inspection completed for project_id=demo-project health_score=40.0 findings=1", "module": "engine", "function": "run", "line": 93}
{"timestamp": "2026-08-01T09:39:59.663608+00:00", "level": "INFO", "logger": "vidur.inspection_engine.engine", "message": "Inspection started for project_id=demo-project root=C:\\Users\\ka447\\AppData\\Local\\Temp\\pytest-of-ka447\\pytest-15\\test_run_raises_when_feature_f2", "module": "engine", "function": "run", "line": 75}
{"timestamp": "2026-08-01T09:39:59.666832+00:00", "level": "INFO", "logger": "vidur.inspection_engine.engine", "message": "Inspection completed for project_id=demo-project health_score=100.0 findings=0", "module": "engine", "function": "run", "line": 93}
{"timestamp": "2026-08-01T09:39:59.666832+00:00", "level": "INFO", "logger": "vidur.inspection_engine.engine", "message": "Inspection started for project_id=demo-project root=C:\\Users\\ka447\\AppData\\Local\\Temp\\pytest-of-ka447\\pytest-15\\test_run_raises_for_invalid_pr2", "module": "engine", "function": "run", "line": 75}
{"timestamp": "2026-08-01T09:39:59.671631+00:00", "level": "INFO", "logger": "vidur.inspection_engine.engine", "message": "Inspection completed for project_id=demo-project health_score=100.0 findings=0", "module": "engine", "function": "run", "line": 93}
{"timestamp": "2026-08-01T09:39:59.676940+00:00", "level": "INFO", "logger": "vidur.inspection_engine.engine", "message": "Inspection started for project_id=project-a root=C:\\Users\\ka447\\AppData\\Local\\Temp\\pytest-of-ka447\\pytest-15\\test_run_raises_for_mismatched1", "module": "engine", "function": "run", "line": 75}
{"timestamp": "2026-08-01T09:39:59.679237+00:00", "level": "INFO", "logger": "vidur.inspection_engine.engine", "message": "Inspection completed for project_id=project-a health_score=100.0 findings=0", "module": "engine", "function": "run", "line": 93}
{"timestamp": "2026-08-01T09:39:59.683311+00:00", "level": "INFO", "logger": "vidur.inspection_engine.engine", "message": "Inspection started for project_id=demo-project root=C:\\Users\\ka447\\AppData\\Local\\Temp\\pytest-of-ka447\\pytest-15\\test_run_raises_for_mismatched2", "module": "engine", "function": "run", "line": 75}
{"timestamp": "2026-08-01T09:39:59.689482+00:00", "level": "INFO", "logger": "vidur.inspection_engine.engine", "message": "Inspection completed for project_id=demo-project health_score=100.0 findings=0", "module": "engine", "function": "run", "line": 93}
{"timestamp": "2026-08-01T09:39:59.690148+00:00", "level": "INFO", "logger": "vidur.ai_reasoning.engine", "message": "AI reasoning started for project_id=demo-project root=C:\\Users\\ka447\\AppData\\Local\\Temp\\pytest-of-ka447\\pytest-15\\test_run_raises_for_mismatched2", "module": "engine", "function": "run", "line": 80}
{"timestamp": "2026-08-01T09:39:59.690655+00:00", "level": "INFO", "logger": "vidur.ai_reasoning.engine", "message": "AI reasoning completed for project_id=demo-project recommendations=0", "module": "engine", "function": "run", "line": 102}
{"timestamp": "2026-08-01T09:39:59.694477+00:00", "level": "INFO", "logger": "vidur.inspection_engine.engine", "message": "Inspection started for project_id=demo-project root=C:\\Users\\ka447\\AppData\\Local\\Temp\\pytest-of-ka447\\pytest-15\\test_run_produces_ml_predictio0", "module": "engine", "function": "run", "line": 75}
{"timestamp": "2026-08-01T09:39:59.696988+00:00", "level": "INFO", "logger": "vidur.inspection_engine.engine", "message": "Inspection completed for project_id=demo-project health_score=100.0 findings=0", "module": "engine", "function": "run", "line": 93}
{"timestamp": "2026-08-01T09:39:59.696988+00:00", "level": "INFO", "logger": "vidur.ml_prediction.engine", "message": "ML prediction started for project_id=demo-project root=C:\\Users\\ka447\\AppData\\Local\\Temp\\pytest-of-ka447\\pytest-15\\test_run_produces_ml_predictio0", "module": "engine", "function": "run", "line": 103}
{"timestamp": "2026-08-01T09:39:59.698736+00:00", "level": "INFO", "logger": "vidur.ml_prediction.engine", "message": "ML prediction completed for project_id=demo-project failure_probability=0.1298", "module": "engine", "function": "run", "line": 127}
{"timestamp": "2026-08-01T09:39:59.706272+00:00", "level": "INFO", "logger": "vidur.inspection_engine.engine", "message": "Inspection started for project_id=demo-project root=C:\\Users\\ka447\\AppData\\Local\\Temp\\pytest-of-ka447\\pytest-15\\test_run_produces_ml_predictio1", "module": "engine", "function": "run", "line": 75}
{"timestamp": "2026-08-01T09:39:59.710249+00:00", "level": "INFO", "logger": "vidur.inspection_engine.engine", "message": "Inspection completed for project_id=demo-project health_score=100.0 findings=0", "module": "engine", "function": "run", "line": 93}
{"timestamp": "2026-08-01T09:39:59.710249+00:00", "level": "INFO", "logger": "vidur.ai_reasoning.engine", "message": "AI reasoning started for project_id=demo-project root=C:\\Users\\ka447\\AppData\\Local\\Temp\\pytest-of-ka447\\pytest-15\\test_run_produces_ml_predictio1", "module": "engine", "function": "run", "line": 80}
{"timestamp": "2026-08-01T09:39:59.710249+00:00", "level": "INFO", "logger": "vidur.ai_reasoning.engine", "message": "AI reasoning completed for project_id=demo-project recommendations=0", "module": "engine", "function": "run", "line": 102}
{"timestamp": "2026-08-01T09:39:59.712255+00:00", "level": "INFO", "logger": "vidur.ml_prediction.engine", "message": "ML prediction started for project_id=demo-project root=C:\\Users\\ka447\\AppData\\Local\\Temp\\pytest-of-ka447\\pytest-15\\test_run_produces_ml_predictio1", "module": "engine", "function": "run", "line": 103}
{"timestamp": "2026-08-01T09:39:59.712255+00:00", "level": "INFO", "logger": "vidur.ml_prediction.engine", "message": "ML prediction completed for project_id=demo-project failure_probability=0.1298", "module": "engine", "function": "run", "line": 127}
{"timestamp": "2026-08-01T09:39:59.716267+00:00", "level": "INFO", "logger": "vidur.inspection_engine.engine", "message": "Inspection started for project_id=demo-project root=C:\\Users\\ka447\\AppData\\Local\\Temp\\pytest-of-ka447\\pytest-15\\test_run_uses_historical_healt0", "module": "engine", "function": "run", "line": 75}
{"timestamp": "2026-08-01T09:39:59.718695+00:00", "level": "INFO", "logger": "vidur.inspection_engine.engine", "message": "Inspection completed for project_id=demo-project health_score=100.0 findings=0", "module": "engine", "function": "run", "line": 93}
{"timestamp": "2026-08-01T09:39:59.718695+00:00", "level": "INFO", "logger": "vidur.ml_prediction.engine", "message": "ML prediction started for project_id=demo-project root=C:\\Users\\ka447\\AppData\\Local\\Temp\\pytest-of-ka447\\pytest-15\\test_run_uses_historical_healt0", "module": "engine", "function": "run", "line": 103}
{"timestamp": "2026-08-01T09:39:59.718695+00:00", "level": "INFO", "logger": "vidur.ml_prediction.engine", "message": "ML prediction completed for project_id=demo-project failure_probability=0.1298", "module": "engine", "function": "run", "line": 127}
{"timestamp": "2026-08-01T09:39:59.723197+00:00", "level": "INFO", "logger": "vidur.inspection_engine.engine", "message": "Inspection started for project_id=demo-project root=C:\\Users\\ka447\\AppData\\Local\\Temp\\pytest-of-ka447\\pytest-15\\test_run_normalizes_project_id2", "module": "engine", "function": "run", "line": 75}
{"timestamp": "2026-08-01T09:39:59.726849+00:00", "level": "INFO", "logger": "vidur.inspection_engine.engine", "message": "Inspection completed for project_id=demo-project health_score=100.0 findings=0", "module": "engine", "function": "run", "line": 93}
{"timestamp": "2026-08-01T09:39:59.726849+00:00", "level": "INFO", "logger": "vidur.ml_prediction.engine", "message": "ML prediction started for project_id=demo-project root=C:\\Users\\ka447\\AppData\\Local\\Temp\\pytest-of-ka447\\pytest-15\\test_run_normalizes_project_id2", "module": "engine", "function": "run", "line": 103}
{"timestamp": "2026-08-01T09:39:59.726849+00:00", "level": "INFO", "logger": "vidur.ml_prediction.engine", "message": "ML prediction completed for project_id=demo-project failure_probability=0.1298", "module": "engine", "function": "run", "line": 127}
{"timestamp": "2026-08-01T09:39:59.755043+00:00", "level": "WARNING", "logger": "vidur.nlp.code_intent_extractor", "message": "Skipping unparseable file app/broken.py: invalid syntax (app/broken.py, line 1)", "module": "code_intent_extractor", "function": "extract", "line": 56}
{"timestamp": "2026-08-01T09:39:59.762203+00:00", "level": "WARNING", "logger": "vidur.nlp.code_intent_extractor", "message": "Skipping unparseable file app/broken.py: invalid syntax (app/broken.py, line 1)", "module": "code_intent_extractor", "function": "extract", "line": 56}
{"timestamp": "2026-08-01T09:39:59.769132+00:00", "level": "WARNING", "logger": "vidur.nlp.code_intent_extractor", "message": "Skipping unparseable file app/broken.py: invalid syntax (app/broken.py, line 1)", "module": "code_intent_extractor", "function": "extract", "line": 56}
{"timestamp": "2026-08-01T09:39:59.815871+00:00", "level": "INFO", "logger": "vidur.nlp.engine", "message": "NLP analysis started for project_id=demo-project root=C:\\Users\\ka447\\AppData\\Local\\Temp\\pytest-of-ka447\\pytest-15\\test_run_produces_nlp_report0", "module": "engine", "function": "run", "line": 76}
{"timestamp": "2026-08-01T09:39:59.823063+00:00", "level": "INFO", "logger": "vidur.nlp.engine", "message": "NLP analysis completed for project_id=demo-project consistency_findings=0", "module": "engine", "function": "run", "line": 94}
{"timestamp": "2026-08-01T09:39:59.829850+00:00", "level": "INFO", "logger": "vidur.nlp.engine", "message": "NLP analysis started for project_id=demo-project root=C:\\Users\\ka447\\AppData\\Local\\Temp\\pytest-of-ka447\\pytest-15\\test_run_includes_semantic_res0", "module": "engine", "function": "run", "line": 76}
{"timestamp": "2026-08-01T09:39:59.831347+00:00", "level": "INFO", "logger": "vidur.nlp.engine", "message": "NLP analysis completed for project_id=demo-project consistency_findings=0", "module": "engine", "function": "run", "line": 94}
{"timestamp": "2026-08-01T09:39:59.831347+00:00", "level": "INFO", "logger": "vidur.nlp.engine", "message": "NLP analysis started for project_id=demo-project root=C:\\Users\\ka447\\AppData\\Local\\Temp\\pytest-of-ka447\\pytest-15\\test_run_normalizes_project_id3", "module": "engine", "function": "run", "line": 76}
{"timestamp": "2026-08-01T09:39:59.841326+00:00", "level": "INFO", "logger": "vidur.nlp.engine", "message": "NLP analysis completed for project_id=demo-project consistency_findings=0", "module": "engine", "function": "run", "line": 94}
{"timestamp": "2026-08-01T09:39:59.880440+00:00", "level": "INFO", "logger": "vidur.memory.engine", "message": "Recording inspection memory for project_id=demo-project", "module": "engine", "function": "_record", "line": 253}
{"timestamp": "2026-08-01T09:39:59.880440+00:00", "level": "INFO", "logger": "vidur.memory.engine", "message": "Recorded inspection memory record_id=7753213f938e4a1aa09e0c849a1f3563 for project_id=demo-project", "module": "engine", "function": "_record", "line": 275}
{"timestamp": "2026-08-01T09:39:59.882447+00:00", "level": "INFO", "logger": "vidur.memory.engine", "message": "Recording visual_regression memory for project_id=demo-project", "module": "engine", "function": "_record", "line": 253}
{"timestamp": "2026-08-01T09:39:59.882447+00:00", "level": "INFO", "logger": "vidur.memory.engine", "message": "Recorded visual_regression memory record_id=3cc8bbc5468f4f89955d9295e6808afd for project_id=demo-project", "module": "engine", "function": "_record", "line": 275}
{"timestamp": "2026-08-01T09:39:59.882447+00:00", "level": "INFO", "logger": "vidur.memory.engine", "message": "Recording inspection memory for project_id=demo-project", "module": "engine", "function": "_record", "line": 253}
{"timestamp": "2026-08-01T09:39:59.882447+00:00", "level": "INFO", "logger": "vidur.memory.engine", "message": "Recorded inspection memory record_id=da57965504654f889b32919a941dcddf for project_id=demo-project", "module": "engine", "function": "_record", "line": 275}
{"timestamp": "2026-08-01T09:39:59.893804+00:00", "level": "INFO", "logger": "vidur.memory.engine", "message": "Recording inspection memory for project_id=demo-project", "module": "engine", "function": "_record", "line": 253}
{"timestamp": "2026-08-01T09:39:59.893804+00:00", "level": "INFO", "logger": "vidur.memory.engine", "message": "Recorded inspection memory record_id=ed947ec99878434094c727477990e125 for project_id=demo-project", "module": "engine", "function": "_record", "line": 275}
{"timestamp": "2026-08-01T09:39:59.893804+00:00", "level": "INFO", "logger": "vidur.memory.engine", "message": "Memory recall started for project_id=demo-project", "module": "engine", "function": "recall", "line": 136}
{"timestamp": "2026-08-01T09:39:59.893804+00:00", "level": "INFO", "logger": "vidur.memory.engine", "message": "Memory recall completed for project_id=demo-project matches=1", "module": "engine", "function": "recall", "line": 167}
{"timestamp": "2026-08-01T09:39:59.893804+00:00", "level": "INFO", "logger": "vidur.memory.engine", "message": "Memory recall started for project_id=demo-project", "module": "engine", "function": "recall", "line": 136}
{"timestamp": "2026-08-01T09:39:59.893804+00:00", "level": "INFO", "logger": "vidur.memory.engine", "message": "Memory recall completed for project_id=demo-project matches=0", "module": "engine", "function": "recall", "line": 167}
{"timestamp": "2026-08-01T09:39:59.893804+00:00", "level": "INFO", "logger": "vidur.memory.engine", "message": "Recording inspection memory for project_id=demo-project", "module": "engine", "function": "_record", "line": 253}
{"timestamp": "2026-08-01T09:39:59.893804+00:00", "level": "INFO", "logger": "vidur.memory.engine", "message": "Recorded inspection memory record_id=4e14458b686d4726af314b8ccf914581 for project_id=demo-project", "module": "engine", "function": "_record", "line": 275}
{"timestamp": "2026-08-01T09:39:59.893804+00:00", "level": "INFO", "logger": "vidur.memory.engine", "message": "Recording visual_regression memory for project_id=demo-project", "module": "engine", "function": "_record", "line": 253}
{"timestamp": "2026-08-01T09:39:59.893804+00:00", "level": "INFO", "logger": "vidur.memory.engine", "message": "Recorded visual_regression memory record_id=41335f6ed70e4eb397c614f95e063984 for project_id=demo-project", "module": "engine", "function": "_record", "line": 275}
{"timestamp": "2026-08-01T09:39:59.904822+00:00", "level": "INFO", "logger": "vidur.memory.engine", "message": "Recording inspection memory for project_id=demo-project", "module": "engine", "function": "_record", "line": 253}
{"timestamp": "2026-08-01T09:39:59.904822+00:00", "level": "INFO", "logger": "vidur.memory.engine", "message": "Recorded inspection memory record_id=93998772c47e4b1cafab4b9ad1f2f8be for project_id=demo-project", "module": "engine", "function": "_record", "line": 275}
{"timestamp": "2026-08-01T09:39:59.906328+00:00", "level": "INFO", "logger": "vidur.memory.engine", "message": "Recording visual_regression memory for project_id=demo-project", "module": "engine", "function": "_record", "line": 253}
{"timestamp": "2026-08-01T09:39:59.906328+00:00", "level": "INFO", "logger": "vidur.memory.engine", "message": "Recorded visual_regression memory record_id=d68efac4e9914c42a4924d9ad7eac558 for project_id=demo-project", "module": "engine", "function": "_record", "line": 275}
{"timestamp": "2026-08-01T09:39:59.909840+00:00", "level": "INFO", "logger": "vidur.memory.engine", "message": "Recording inspection memory for project_id=demo-project", "module": "engine", "function": "_record", "line": 253}
{"timestamp": "2026-08-01T09:39:59.909840+00:00", "level": "INFO", "logger": "vidur.memory.engine", "message": "Recorded inspection memory record_id=4e17d68bbe1b4214a01e73cf8b37874a for project_id=demo-project", "module": "engine", "function": "_record", "line": 275}
{"timestamp": "2026-08-01T09:39:59.909840+00:00", "level": "INFO", "logger": "vidur.memory.engine", "message": "Recording inspection memory for project_id=demo-project", "module": "engine", "function": "_record", "line": 253}
{"timestamp": "2026-08-01T09:39:59.909840+00:00", "level": "INFO", "logger": "vidur.memory.engine", "message": "Recorded inspection memory record_id=f8395ff5cfe846cd8d58c541c55eb2f0 for project_id=demo-project", "module": "engine", "function": "_record", "line": 275}
{"timestamp": "2026-08-01T09:39:59.911847+00:00", "level": "INFO", "logger": "vidur.memory.engine", "message": "Recording visual_regression memory for project_id=demo-project", "module": "engine", "function": "_record", "line": 253}
{"timestamp": "2026-08-01T09:39:59.911847+00:00", "level": "INFO", "logger": "vidur.memory.engine", "message": "Recorded visual_regression memory record_id=d19a709965844cc1bc1adf0202c81dfd for project_id=demo-project", "module": "engine", "function": "_record", "line": 275}
{"timestamp": "2026-08-01T09:39:59.913852+00:00", "level": "INFO", "logger": "vidur.memory.engine", "message": "Recording inspection memory for project_id=demo-project", "module": "engine", "function": "_record", "line": 253}
{"timestamp": "2026-08-01T09:39:59.913852+00:00", "level": "INFO", "logger": "vidur.memory.engine", "message": "Recorded inspection memory record_id=17c0cd9ce5814d658443c36a669d7511 for project_id=demo-project", "module": "engine", "function": "_record", "line": 275}
{"timestamp": "2026-08-01T09:39:59.926726+00:00", "level": "ERROR", "logger": "vidur.memory.record_store", "message": "Failed to persist memory record rec-1 for project_id=demo-project: simulated failure", "module": "record_store", "function": "save", "line": 78}
{"timestamp": "2026-08-01T09:39:59.928467+00:00", "level": "ERROR", "logger": "vidur.memory.record_store", "message": "Failed to list memory records for project_id=demo-project: simulated failure", "module": "record_store", "function": "list_records", "line": 110}
{"timestamp": "2026-08-01T09:39:59.937126+00:00", "level": "ERROR", "logger": "vidur.memory.semantic_index", "message": "Failed to index memory record rec-1 for project_id=demo-project: simulated chroma failure", "module": "semantic_index", "function": "index", "line": 58}
{"timestamp": "2026-08-01T09:39:59.937126+00:00", "level": "ERROR", "logger": "vidur.memory.semantic_index", "message": "Semantic recall query failed for project_id=demo-project: simulated chroma failure", "module": "semantic_index", "function": "query", "line": 85}
{"timestamp": "2026-08-01T09:49:33.779887+00:00", "level": "INFO", "logger": "vidur.inspection_engine.engine", "message": "Inspection started for project_id=demo-project root=C:\\Users\\ka447\\AppData\\Local\\Temp\\pytest-of-ka447\\pytest-16\\test_run_raises_when_feature_f0", "module": "engine", "function": "run", "line": 75}
{"timestamp": "2026-08-01T09:49:33.781886+00:00", "level": "INFO", "logger": "vidur.inspection_engine.engine", "message": "Inspection completed for project_id=demo-project health_score=80.0 findings=1", "module": "engine", "function": "run", "line": 93}
{"timestamp": "2026-08-01T09:49:33.785887+00:00", "level": "INFO", "logger": "vidur.inspection_engine.engine", "message": "Inspection started for project_id=demo-project root=C:\\Users\\ka447\\AppData\\Local\\Temp\\pytest-of-ka447\\pytest-16\\test_run_raises_for_invalid_pr0", "module": "engine", "function": "run", "line": 75}
{"timestamp": "2026-08-01T09:49:33.789361+00:00", "level": "INFO", "logger": "vidur.inspection_engine.engine", "message": "Inspection completed for project_id=demo-project health_score=80.0 findings=1", "module": "engine", "function": "run", "line": 93}
{"timestamp": "2026-08-01T09:49:33.792814+00:00", "level": "INFO", "logger": "vidur.inspection_engine.engine", "message": "Inspection started for project_id=project-a root=C:\\Users\\ka447\\AppData\\Local\\Temp\\pytest-of-ka447\\pytest-16\\test_run_raises_for_mismatched0", "module": "engine", "function": "run", "line": 75}
{"timestamp": "2026-08-01T09:49:33.801794+00:00", "level": "INFO", "logger": "vidur.inspection_engine.engine", "message": "Inspection completed for project_id=project-a health_score=80.0 findings=1", "module": "engine", "function": "run", "line": 93}
{"timestamp": "2026-08-01T09:49:33.805815+00:00", "level": "INFO", "logger": "vidur.inspection_engine.engine", "message": "Inspection started for project_id=demo-project root=C:\\Users\\ka447\\AppData\\Local\\Temp\\pytest-of-ka447\\pytest-16\\test_run_produces_reasoning_re0", "module": "engine", "function": "run", "line": 75}
{"timestamp": "2026-08-01T09:49:33.807820+00:00", "level": "INFO", "logger": "vidur.inspection_engine.engine", "message": "Inspection completed for project_id=demo-project health_score=80.0 findings=1", "module": "engine", "function": "run", "line": 93}
{"timestamp": "2026-08-01T09:49:33.809826+00:00", "level": "INFO", "logger": "vidur.ai_reasoning.engine", "message": "AI reasoning started for project_id=demo-project root=C:\\Users\\ka447\\AppData\\Local\\Temp\\pytest-of-ka447\\pytest-16\\test_run_produces_reasoning_re0", "module": "engine", "function": "run", "line": 80}
{"timestamp": "2026-08-01T09:49:33.809826+00:00", "level": "INFO", "logger": "vidur.ai_reasoning.engine", "message": "AI reasoning completed for project_id=demo-project recommendations=1", "module": "engine", "function": "run", "line": 102}
{"timestamp": "2026-08-01T09:49:33.813839+00:00", "level": "INFO", "logger": "vidur.inspection_engine.engine", "message": "Inspection started for project_id=demo-project root=C:\\Users\\ka447\\AppData\\Local\\Temp\\pytest-of-ka447\\pytest-16\\test_run_normalizes_project_id0", "module": "engine", "function": "run", "line": 75}
{"timestamp": "2026-08-01T09:49:33.815895+00:00", "level": "INFO", "logger": "vidur.inspection_engine.engine", "message": "Inspection completed for project_id=demo-project health_score=80.0 findings=1", "module": "engine", "function": "run", "line": 93}
{"timestamp": "2026-08-01T09:49:33.815895+00:00", "level": "INFO", "logger": "vidur.ai_reasoning.engine", "message": "AI reasoning started for project_id=demo-project root=C:\\Users\\ka447\\AppData\\Local\\Temp\\pytest-of-ka447\\pytest-16\\test_run_normalizes_project_id0", "module": "engine", "function": "run", "line": 80}
{"timestamp": "2026-08-01T09:49:33.817902+00:00", "level": "INFO", "logger": "vidur.ai_reasoning.engine", "message": "AI reasoning completed for project_id=demo-project recommendations=1", "module": "engine", "function": "run", "line": 102}
{"timestamp": "2026-08-01T09:49:33.830460+00:00", "level": "INFO", "logger": "vidur.deep_learning_vision.engine", "message": "Visual comparison started for project_id=demo-project baseline=homepage current=homepage", "module": "engine", "function": "run", "line": 102}
{"timestamp": "2026-08-01T09:49:33.832251+00:00", "level": "INFO", "logger": "vidur.deep_learning_vision.engine", "message": "Visual comparison started for project_id=demo-project baseline=homepage current=homepage", "module": "engine", "function": "run", "line": 102}
{"timestamp": "2026-08-01T09:49:33.833435+00:00", "level": "INFO", "logger": "vidur.deep_learning_vision.engine", "message": "Visual comparison started for project_id=demo-project baseline=homepage current=homepage", "module": "engine", "function": "run", "line": 102}
{"timestamp": "2026-08-01T09:49:33.833942+00:00", "level": "INFO", "logger": "vidur.deep_learning_vision.engine", "message": "Visual comparison completed for project_id=demo-project verdict=regression", "module": "engine", "function": "run", "line": 126}
{"timestamp": "2026-08-01T09:49:33.835244+00:00", "level": "INFO", "logger": "vidur.deep_learning_vision.engine", "message": "Visual comparison started for project_id=demo-project baseline=homepage current=homepage", "module": "engine", "function": "run", "line": 102}
{"timestamp": "2026-08-01T09:49:33.835244+00:00", "level": "INFO", "logger": "vidur.deep_learning_vision.engine", "message": "Visual comparison completed for project_id=demo-project verdict=regression", "module": "engine", "function": "run", "line": 126}
{"timestamp": "2026-08-01T09:49:33.836105+00:00", "level": "INFO", "logger": "vidur.deep_learning_vision.engine", "message": "Visual comparison started for project_id=demo-project baseline=homepage current=homepage", "module": "engine", "function": "run", "line": 102}
{"timestamp": "2026-08-01T09:49:33.836686+00:00", "level": "INFO", "logger": "vidur.deep_learning_vision.engine", "message": "Visual comparison completed for project_id=demo-project verdict=match", "module": "engine", "function": "run", "line": 126}
{"timestamp": "2026-08-01T09:49:33.837578+00:00", "level": "INFO", "logger": "vidur.deep_learning_vision.engine", "message": "Visual comparison started for project_id=demo-project baseline=homepage current=homepage", "module": "engine", "function": "run", "line": 102}
{"timestamp": "2026-08-01T09:49:33.838087+00:00", "level": "INFO", "logger": "vidur.deep_learning_vision.engine", "message": "Visual comparison completed for project_id=demo-project verdict=match", "module": "engine", "function": "run", "line": 126}
{"timestamp": "2026-08-01T09:49:33.926903+00:00", "level": "INFO", "logger": "vidur.inspection_engine.engine", "message": "Inspection started for project_id=demo-project root=C:\\Users\\ka447\\AppData\\Local\\Temp\\pytest-of-ka447\\pytest-16\\test_run_produces_completed_re0", "module": "engine", "function": "run", "line": 75}
{"timestamp": "2026-08-01T09:49:33.926903+00:00", "level": "INFO", "logger": "vidur.inspection_engine.engine", "message": "Inspection completed for project_id=demo-project health_score=100.0 findings=0", "module": "engine", "function": "run", "line": 93}
{"timestamp": "2026-08-01T09:49:33.926903+00:00", "level": "INFO", "logger": "vidur.inspection_engine.engine", "message": "Inspection started for project_id=demo-project root=C:\\Users\\ka447\\AppData\\Local\\Temp\\pytest-of-ka447\\pytest-16\\test_run_detects_findings_acro0", "module": "engine", "function": "run", "line": 75}
{"timestamp": "2026-08-01T09:49:33.926903+00:00", "level": "INFO", "logger": "vidur.inspection_engine.engine", "message": "Inspection completed for project_id=demo-project health_score=0.0 findings=2", "module": "engine", "function": "run", "line": 93}
{"timestamp": "2026-08-01T09:49:33.940571+00:00", "level": "INFO", "logger": "vidur.inspection_engine.engine", "message": "Inspection started for project_id=demo-project root=C:\\Users\\ka447\\AppData\\Local\\Temp\\pytest-of-ka447\\pytest-16\\test_run_with_previous_snapsho0", "module": "engine", "function": "run", "line": 75}
{"timestamp": "2026-08-01T09:49:33.940571+00:00", "level": "INFO", "logger": "vidur.inspection_engine.engine", "message": "Inspection completed for project_id=demo-project health_score=40.0 findings=1", "module": "engine", "function": "run", "line": 93}
{"timestamp": "2026-08-01T09:49:33.940571+00:00", "level": "INFO", "logger": "vidur.inspection_engine.engine", "message": "Inspection started for project_id=demo-project root=C:\\Users\\ka447\\AppData\\Local\\Temp\\pytest-of-ka447\\pytest-16\\test_run_with_previous_snapsho0", "module": "engine", "function": "run", "line": 75}
{"timestamp": "2026-08-01T09:49:33.940571+00:00", "level": "INFO", "logger": "vidur.inspection_engine.engine", "message": "Inspection completed for project_id=demo-project health_score=60.0 findings=2", "module": "engine", "function": "run", "line": 93}
{"timestamp": "2026-08-01T09:49:33.948143+00:00", "level": "INFO", "logger": "vidur.inspection_engine.engine", "message": "Inspection started for project_id=demo-project root=C:\\Users\\ka447\\AppData\\Local\\Temp\\pytest-of-ka447\\pytest-16\\test_run_normalizes_project_id1", "module": "engine", "function": "run", "line": 75}
{"timestamp": "2026-08-01T09:49:33.948652+00:00", "level": "INFO", "logger": "vidur.inspection_engine.engine", "message": "Inspection completed for project_id=demo-project health_score=40.0 findings=1", "module": "engine", "function": "run", "line": 93}
{"timestamp": "2026-08-01T09:49:33.982966+00:00", "level": "INFO", "logger": "vidur.inspection_engine.engine", "message": "Inspection started for project_id=demo-project root=C:\\Users\\ka447\\AppData\\Local\\Temp\\pytest-of-ka447\\pytest-16\\test_run_raises_when_feature_f2", "module": "engine", "function": "run", "line": 75}
{"timestamp": "2026-08-01T09:49:33.982966+00:00", "level": "INFO", "logger": "vidur.inspection_engine.engine", "message": "Inspection completed for project_id=demo-project health_score=100.0 findings=0", "module": "engine", "function": "run", "line": 93}
{"timestamp": "2026-08-01T09:49:33.988358+00:00", "level": "INFO", "logger": "vidur.inspection_engine.engine", "message": "Inspection started for project_id=demo-project root=C:\\Users\\ka447\\AppData\\Local\\Temp\\pytest-of-ka447\\pytest-16\\test_run_raises_for_invalid_pr2", "module": "engine", "function": "run", "line": 75}
{"timestamp": "2026-08-01T09:49:33.988358+00:00", "level": "INFO", "logger": "vidur.inspection_engine.engine", "message": "Inspection completed for project_id=demo-project health_score=100.0 findings=0", "module": "engine", "function": "run", "line": 93}
{"timestamp": "2026-08-01T09:49:33.996480+00:00", "level": "INFO", "logger": "vidur.inspection_engine.engine", "message": "Inspection started for project_id=project-a root=C:\\Users\\ka447\\AppData\\Local\\Temp\\pytest-of-ka447\\pytest-16\\test_run_raises_for_mismatched1", "module": "engine", "function": "run", "line": 75}
{"timestamp": "2026-08-01T09:49:33.996480+00:00", "level": "INFO", "logger": "vidur.inspection_engine.engine", "message": "Inspection completed for project_id=project-a health_score=100.0 findings=0", "module": "engine", "function": "run", "line": 93}
{"timestamp": "2026-08-01T09:49:34.003229+00:00", "level": "INFO", "logger": "vidur.inspection_engine.engine", "message": "Inspection started for project_id=demo-project root=C:\\Users\\ka447\\AppData\\Local\\Temp\\pytest-of-ka447\\pytest-16\\test_run_raises_for_mismatched2", "module": "engine", "function": "run", "line": 75}
{"timestamp": "2026-08-01T09:49:34.003229+00:00", "level": "INFO", "logger": "vidur.inspection_engine.engine", "message": "Inspection completed for project_id=demo-project health_score=100.0 findings=0", "module": "engine", "function": "run", "line": 93}
{"timestamp": "2026-08-01T09:49:34.003229+00:00", "level": "INFO", "logger": "vidur.ai_reasoning.engine", "message": "AI reasoning started for project_id=demo-project root=C:\\Users\\ka447\\AppData\\Local\\Temp\\pytest-of-ka447\\pytest-16\\test_run_raises_for_mismatched2", "module": "engine", "function": "run", "line": 80}
{"timestamp": "2026-08-01T09:49:34.003229+00:00", "level": "INFO", "logger": "vidur.ai_reasoning.engine", "message": "AI reasoning completed for project_id=demo-project recommendations=0", "module": "engine", "function": "run", "line": 102}
{"timestamp": "2026-08-01T09:49:34.003229+00:00", "level": "INFO", "logger": "vidur.inspection_engine.engine", "message": "Inspection started for project_id=demo-project root=C:\\Users\\ka447\\AppData\\Local\\Temp\\pytest-of-ka447\\pytest-16\\test_run_produces_ml_predictio0", "module": "engine", "function": "run", "line": 75}
{"timestamp": "2026-08-01T09:49:34.003229+00:00", "level": "INFO", "logger": "vidur.inspection_engine.engine", "message": "Inspection completed for project_id=demo-project health_score=100.0 findings=0", "module": "engine", "function": "run", "line": 93}
{"timestamp": "2026-08-01T09:49:34.003229+00:00", "level": "INFO", "logger": "vidur.ml_prediction.engine", "message": "ML prediction started for project_id=demo-project root=C:\\Users\\ka447\\AppData\\Local\\Temp\\pytest-of-ka447\\pytest-16\\test_run_produces_ml_predictio0", "module": "engine", "function": "run", "line": 103}
{"timestamp": "2026-08-01T09:49:34.003229+00:00", "level": "INFO", "logger": "vidur.ml_prediction.engine", "message": "ML prediction completed for project_id=demo-project failure_probability=0.1298", "module": "engine", "function": "run", "line": 127}
{"timestamp": "2026-08-01T09:49:34.019153+00:00", "level": "INFO", "logger": "vidur.inspection_engine.engine", "message": "Inspection started for project_id=demo-project root=C:\\Users\\ka447\\AppData\\Local\\Temp\\pytest-of-ka447\\pytest-16\\test_run_produces_ml_predictio1", "module": "engine", "function": "run", "line": 75}
{"timestamp": "2026-08-01T09:49:34.023170+00:00", "level": "INFO", "logger": "vidur.inspection_engine.engine", "message": "Inspection completed for project_id=demo-project health_score=100.0 findings=0", "module": "engine", "function": "run", "line": 93}
{"timestamp": "2026-08-01T09:49:34.023170+00:00", "level": "INFO", "logger": "vidur.ai_reasoning.engine", "message": "AI reasoning started for project_id=demo-project root=C:\\Users\\ka447\\AppData\\Local\\Temp\\pytest-of-ka447\\pytest-16\\test_run_produces_ml_predictio1", "module": "engine", "function": "run", "line": 80}
{"timestamp": "2026-08-01T09:49:34.023170+00:00", "level": "INFO", "logger": "vidur.ai_reasoning.engine", "message": "AI reasoning completed for project_id=demo-project recommendations=0", "module": "engine", "function": "run", "line": 102}
{"timestamp": "2026-08-01T09:49:34.023170+00:00", "level": "INFO", "logger": "vidur.ml_prediction.engine", "message": "ML prediction started for project_id=demo-project root=C:\\Users\\ka447\\AppData\\Local\\Temp\\pytest-of-ka447\\pytest-16\\test_run_produces_ml_predictio1", "module": "engine", "function": "run", "line": 103}
{"timestamp": "2026-08-01T09:49:34.025177+00:00", "level": "INFO", "logger": "vidur.ml_prediction.engine", "message": "ML prediction completed for project_id=demo-project failure_probability=0.1298", "module": "engine", "function": "run", "line": 127}
{"timestamp": "2026-08-01T09:49:34.028761+00:00", "level": "INFO", "logger": "vidur.inspection_engine.engine", "message": "Inspection started for project_id=demo-project root=C:\\Users\\ka447\\AppData\\Local\\Temp\\pytest-of-ka447\\pytest-16\\test_run_uses_historical_healt0", "module": "engine", "function": "run", "line": 75}
{"timestamp": "2026-08-01T09:49:34.032232+00:00", "level": "INFO", "logger": "vidur.inspection_engine.engine", "message": "Inspection completed for project_id=demo-project health_score=100.0 findings=0", "module": "engine", "function": "run", "line": 93}
{"timestamp": "2026-08-01T09:49:34.032778+00:00", "level": "INFO", "logger": "vidur.ml_prediction.engine", "message": "ML prediction started for project_id=demo-project root=C:\\Users\\ka447\\AppData\\Local\\Temp\\pytest-of-ka447\\pytest-16\\test_run_uses_historical_healt0", "module": "engine", "function": "run", "line": 103}
{"timestamp": "2026-08-01T09:49:34.032778+00:00", "level": "INFO", "logger": "vidur.ml_prediction.engine", "message": "ML prediction completed for project_id=demo-project failure_probability=0.1298", "module": "engine", "function": "run", "line": 127}
{"timestamp": "2026-08-01T09:49:34.036765+00:00", "level": "INFO", "logger": "vidur.inspection_engine.engine", "message": "Inspection started for project_id=demo-project root=C:\\Users\\ka447\\AppData\\Local\\Temp\\pytest-of-ka447\\pytest-16\\test_run_normalizes_project_id2", "module": "engine", "function": "run", "line": 75}
{"timestamp": "2026-08-01T09:49:34.039891+00:00", "level": "INFO", "logger": "vidur.inspection_engine.engine", "message": "Inspection completed for project_id=demo-project health_score=100.0 findings=0", "module": "engine", "function": "run", "line": 93}
{"timestamp": "2026-08-01T09:49:34.040408+00:00", "level": "INFO", "logger": "vidur.ml_prediction.engine", "message": "ML prediction started for project_id=demo-project root=C:\\Users\\ka447\\AppData\\Local\\Temp\\pytest-of-ka447\\pytest-16\\test_run_normalizes_project_id2", "module": "engine", "function": "run", "line": 103}
{"timestamp": "2026-08-01T09:49:34.040408+00:00", "level": "INFO", "logger": "vidur.ml_prediction.engine", "message": "ML prediction completed for project_id=demo-project failure_probability=0.1298", "module": "engine", "function": "run", "line": 127}
{"timestamp": "2026-08-01T09:49:34.076675+00:00", "level": "WARNING", "logger": "vidur.nlp.code_intent_extractor", "message": "Skipping unparseable file app/broken.py: invalid syntax (app/broken.py, line 1)", "module": "code_intent_extractor", "function": "extract", "line": 56}
{"timestamp": "2026-08-01T09:49:34.081955+00:00", "level": "WARNING", "logger": "vidur.nlp.code_intent_extractor", "message": "Skipping unparseable file app/broken.py: invalid syntax (app/broken.py, line 1)", "module": "code_intent_extractor", "function": "extract", "line": 56}
{"timestamp": "2026-08-01T09:49:34.085967+00:00", "level": "WARNING", "logger": "vidur.nlp.code_intent_extractor", "message": "Skipping unparseable file app/broken.py: invalid syntax (app/broken.py, line 1)", "module": "code_intent_extractor", "function": "extract", "line": 56}
{"timestamp": "2026-08-01T09:49:34.132604+00:00", "level": "INFO", "logger": "vidur.nlp.engine", "message": "NLP analysis started for project_id=demo-project root=C:\\Users\\ka447\\AppData\\Local\\Temp\\pytest-of-ka447\\pytest-16\\test_run_produces_nlp_report0", "module": "engine", "function": "run", "line": 76}
{"timestamp": "2026-08-01T09:49:34.145467+00:00", "level": "INFO", "logger": "vidur.nlp.engine", "message": "NLP analysis completed for project_id=demo-project consistency_findings=0", "module": "engine", "function": "run", "line": 94}
{"timestamp": "2026-08-01T09:49:34.155549+00:00", "level": "INFO", "logger": "vidur.nlp.engine", "message": "NLP analysis started for project_id=demo-project root=C:\\Users\\ka447\\AppData\\Local\\Temp\\pytest-of-ka447\\pytest-16\\test_run_includes_semantic_res0", "module": "engine", "function": "run", "line": 76}
{"timestamp": "2026-08-01T09:49:34.156910+00:00", "level": "INFO", "logger": "vidur.nlp.engine", "message": "NLP analysis completed for project_id=demo-project consistency_findings=0", "module": "engine", "function": "run", "line": 94}
{"timestamp": "2026-08-01T09:49:34.164399+00:00", "level": "INFO", "logger": "vidur.nlp.engine", "message": "NLP analysis started for project_id=demo-project root=C:\\Users\\ka447\\AppData\\Local\\Temp\\pytest-of-ka447\\pytest-16\\test_run_normalizes_project_id3", "module": "engine", "function": "run", "line": 76}
{"timestamp": "2026-08-01T09:49:34.165580+00:00", "level": "INFO", "logger": "vidur.nlp.engine", "message": "NLP analysis completed for project_id=demo-project consistency_findings=0", "module": "engine", "function": "run", "line": 94}
{"timestamp": "2026-08-01T09:49:34.203389+00:00", "level": "INFO", "logger": "vidur.memory.engine", "message": "Recording inspection memory for project_id=demo-project", "module": "engine", "function": "_record", "line": 253}
{"timestamp": "2026-08-01T09:49:34.208084+00:00", "level": "INFO", "logger": "vidur.memory.engine", "message": "Recorded inspection memory record_id=bf485e4b252d4b1482348cdf36fec307 for project_id=demo-project", "module": "engine", "function": "_record", "line": 275}
{"timestamp": "2026-08-01T09:49:34.208589+00:00", "level": "INFO", "logger": "vidur.memory.engine", "message": "Recording visual_regression memory for project_id=demo-project", "module": "engine", "function": "_record", "line": 253}
{"timestamp": "2026-08-01T09:49:34.208589+00:00", "level": "INFO", "logger": "vidur.memory.engine", "message": "Recorded visual_regression memory record_id=e3ec975762b9463794f7a5cd23891164 for project_id=demo-project", "module": "engine", "function": "_record", "line": 275}
{"timestamp": "2026-08-01T09:49:34.208589+00:00", "level": "INFO", "logger": "vidur.memory.engine", "message": "Recording inspection memory for project_id=demo-project", "module": "engine", "function": "_record", "line": 253}
{"timestamp": "2026-08-01T09:49:34.208589+00:00", "level": "INFO", "logger": "vidur.memory.engine", "message": "Recorded inspection memory record_id=67dd9bd8c8464439af4a1f8258be5495 for project_id=demo-project", "module": "engine", "function": "_record", "line": 275}
{"timestamp": "2026-08-01T09:49:34.208589+00:00", "level": "INFO", "logger": "vidur.memory.engine", "message": "Recording inspection memory for project_id=demo-project", "module": "engine", "function": "_record", "line": 253}
{"timestamp": "2026-08-01T09:49:34.208589+00:00", "level": "INFO", "logger": "vidur.memory.engine", "message": "Recorded inspection memory record_id=08a1a3a689194741bb4f9194d854cd03 for project_id=demo-project", "module": "engine", "function": "_record", "line": 275}
{"timestamp": "2026-08-01T09:49:34.208589+00:00", "level": "INFO", "logger": "vidur.memory.engine", "message": "Memory recall started for project_id=demo-project", "module": "engine", "function": "recall", "line": 136}
{"timestamp": "2026-08-01T09:49:34.208589+00:00", "level": "INFO", "logger": "vidur.memory.engine", "message": "Memory recall completed for project_id=demo-project matches=1", "module": "engine", "function": "recall", "line": 167}
{"timestamp": "2026-08-01T09:49:34.208589+00:00", "level": "INFO", "logger": "vidur.memory.engine", "message": "Memory recall started for project_id=demo-project", "module": "engine", "function": "recall", "line": 136}
{"timestamp": "2026-08-01T09:49:34.208589+00:00", "level": "INFO", "logger": "vidur.memory.engine", "message": "Memory recall completed for project_id=demo-project matches=0", "module": "engine", "function": "recall", "line": 167}
{"timestamp": "2026-08-01T09:49:34.208589+00:00", "level": "INFO", "logger": "vidur.memory.engine", "message": "Recording inspection memory for project_id=demo-project", "module": "engine", "function": "_record", "line": 253}
{"timestamp": "2026-08-01T09:49:34.208589+00:00", "level": "INFO", "logger": "vidur.memory.engine", "message": "Recorded inspection memory record_id=1b66e7df2c154b3a84eff36d4c540a2c for project_id=demo-project", "module": "engine", "function": "_record", "line": 275}
{"timestamp": "2026-08-01T09:49:34.222478+00:00", "level": "INFO", "logger": "vidur.memory.engine", "message": "Recording visual_regression memory for project_id=demo-project", "module": "engine", "function": "_record", "line": 253}
{"timestamp": "2026-08-01T09:49:34.222478+00:00", "level": "INFO", "logger": "vidur.memory.engine", "message": "Recorded visual_regression memory record_id=78f5e79ff03a455e8132de3526edd865 for project_id=demo-project", "module": "engine", "function": "_record", "line": 275}
{"timestamp": "2026-08-01T09:49:34.225208+00:00", "level": "INFO", "logger": "vidur.memory.engine", "message": "Recording inspection memory for project_id=demo-project", "module": "engine", "function": "_record", "line": 253}
{"timestamp": "2026-08-01T09:49:34.225862+00:00", "level": "INFO", "logger": "vidur.memory.engine", "message": "Recorded inspection memory record_id=0c6dc7ac56ed4a298420cd8b0e70c6c0 for project_id=demo-project", "module": "engine", "function": "_record", "line": 275}
{"timestamp": "2026-08-01T09:49:34.226371+00:00", "level": "INFO", "logger": "vidur.memory.engine", "message": "Recording visual_regression memory for project_id=demo-project", "module": "engine", "function": "_record", "line": 253}
{"timestamp": "2026-08-01T09:49:34.226875+00:00", "level": "INFO", "logger": "vidur.memory.engine", "message": "Recorded visual_regression memory record_id=c02ae941072c42e0a8488ded800602be for project_id=demo-project", "module": "engine", "function": "_record", "line": 275}
{"timestamp": "2026-08-01T09:49:34.230251+00:00", "level": "INFO", "logger": "vidur.memory.engine", "message": "Recording inspection memory for project_id=demo-project", "module": "engine", "function": "_record", "line": 253}
{"timestamp": "2026-08-01T09:49:34.230251+00:00", "level": "INFO", "logger": "vidur.memory.engine", "message": "Recorded inspection memory record_id=f7c1443898fb470496a0f2ba15bfbadb for project_id=demo-project", "module": "engine", "function": "_record", "line": 275}
{"timestamp": "2026-08-01T09:49:34.231241+00:00", "level": "INFO", "logger": "vidur.memory.engine", "message": "Recording inspection memory for project_id=demo-project", "module": "engine", "function": "_record", "line": 253}
{"timestamp": "2026-08-01T09:49:34.231241+00:00", "level": "INFO", "logger": "vidur.memory.engine", "message": "Recorded inspection memory record_id=71cd932ea29c46bf8975ed1bfc0c581c for project_id=demo-project", "module": "engine", "function": "_record", "line": 275}
{"timestamp": "2026-08-01T09:49:34.233831+00:00", "level": "INFO", "logger": "vidur.memory.engine", "message": "Recording visual_regression memory for project_id=demo-project", "module": "engine", "function": "_record", "line": 253}
{"timestamp": "2026-08-01T09:49:34.233831+00:00", "level": "INFO", "logger": "vidur.memory.engine", "message": "Recorded visual_regression memory record_id=1fc2778216b44f22b1238d94749944b0 for project_id=demo-project", "module": "engine", "function": "_record", "line": 275}
{"timestamp": "2026-08-01T09:49:34.234345+00:00", "level": "INFO", "logger": "vidur.memory.engine", "message": "Recording inspection memory for project_id=demo-project", "module": "engine", "function": "_record", "line": 253}
{"timestamp": "2026-08-01T09:49:34.234345+00:00", "level": "INFO", "logger": "vidur.memory.engine", "message": "Recorded inspection memory record_id=2e1c2239fb434b009e6f036737e1ef7d for project_id=demo-project", "module": "engine", "function": "_record", "line": 275}
{"timestamp": "2026-08-01T09:49:34.246533+00:00", "level": "ERROR", "logger": "vidur.memory.record_store", "message": "Failed to persist memory record rec-1 for project_id=demo-project: simulated failure", "module": "record_store", "function": "save", "line": 78}
{"timestamp": "2026-08-01T09:49:34.246533+00:00", "level": "ERROR", "logger": "vidur.memory.record_store", "message": "Failed to list memory records for project_id=demo-project: simulated failure", "module": "record_store", "function": "list_records", "line": 110}
{"timestamp": "2026-08-01T09:49:34.255364+00:00", "level": "ERROR", "logger": "vidur.memory.semantic_index", "message": "Failed to index memory record rec-1 for project_id=demo-project: simulated chroma failure", "module": "semantic_index", "function": "index", "line": 58}
{"timestamp": "2026-08-01T09:49:34.255364+00:00", "level": "ERROR", "logger": "vidur.memory.semantic_index", "message": "Semantic recall query failed for project_id=demo-project: simulated chroma failure", "module": "semantic_index", "function": "query", "line": 85}
{"timestamp": "2026-08-01T09:51:39.381591+00:00", "level": "INFO", "logger": "vidur.inspection_engine.engine", "message": "Inspection started for project_id=demo-project root=C:\\Users\\ka447\\AppData\\Local\\Temp\\pytest-of-ka447\\pytest-17\\test_run_raises_when_feature_f0", "module": "engine", "function": "run", "line": 75}
{"timestamp": "2026-08-01T09:51:39.390661+00:00", "level": "INFO", "logger": "vidur.inspection_engine.engine", "message": "Inspection completed for project_id=demo-project health_score=80.0 findings=1", "module": "engine", "function": "run", "line": 93}
{"timestamp": "2026-08-01T09:51:39.394678+00:00", "level": "INFO", "logger": "vidur.inspection_engine.engine", "message": "Inspection started for project_id=demo-project root=C:\\Users\\ka447\\AppData\\Local\\Temp\\pytest-of-ka447\\pytest-17\\test_run_raises_for_invalid_pr0", "module": "engine", "function": "run", "line": 75}
{"timestamp": "2026-08-01T09:51:39.405042+00:00", "level": "INFO", "logger": "vidur.inspection_engine.engine", "message": "Inspection completed for project_id=demo-project health_score=80.0 findings=1", "module": "engine", "function": "run", "line": 93}
{"timestamp": "2026-08-01T09:51:39.411543+00:00", "level": "INFO", "logger": "vidur.inspection_engine.engine", "message": "Inspection started for project_id=project-a root=C:\\Users\\ka447\\AppData\\Local\\Temp\\pytest-of-ka447\\pytest-17\\test_run_raises_for_mismatched0", "module": "engine", "function": "run", "line": 75}
{"timestamp": "2026-08-01T09:51:39.421062+00:00", "level": "INFO", "logger": "vidur.inspection_engine.engine", "message": "Inspection completed for project_id=project-a health_score=80.0 findings=1", "module": "engine", "function": "run", "line": 93}
{"timestamp": "2026-08-01T09:51:39.426607+00:00", "level": "INFO", "logger": "vidur.inspection_engine.engine", "message": "Inspection started for project_id=demo-project root=C:\\Users\\ka447\\AppData\\Local\\Temp\\pytest-of-ka447\\pytest-17\\test_run_produces_reasoning_re0", "module": "engine", "function": "run", "line": 75}
{"timestamp": "2026-08-01T09:51:39.430210+00:00", "level": "INFO", "logger": "vidur.inspection_engine.engine", "message": "Inspection completed for project_id=demo-project health_score=80.0 findings=1", "module": "engine", "function": "run", "line": 93}
{"timestamp": "2026-08-01T09:51:39.430210+00:00", "level": "INFO", "logger": "vidur.ai_reasoning.engine", "message": "AI reasoning started for project_id=demo-project root=C:\\Users\\ka447\\AppData\\Local\\Temp\\pytest-of-ka447\\pytest-17\\test_run_produces_reasoning_re0", "module": "engine", "function": "run", "line": 80}
{"timestamp": "2026-08-01T09:51:39.432216+00:00", "level": "INFO", "logger": "vidur.ai_reasoning.engine", "message": "AI reasoning completed for project_id=demo-project recommendations=1", "module": "engine", "function": "run", "line": 102}
{"timestamp": "2026-08-01T09:51:39.435310+00:00", "level": "INFO", "logger": "vidur.inspection_engine.engine", "message": "Inspection started for project_id=demo-project root=C:\\Users\\ka447\\AppData\\Local\\Temp\\pytest-of-ka447\\pytest-17\\test_run_normalizes_project_id0", "module": "engine", "function": "run", "line": 75}
{"timestamp": "2026-08-01T09:51:39.437777+00:00", "level": "INFO", "logger": "vidur.inspection_engine.engine", "message": "Inspection completed for project_id=demo-project health_score=80.0 findings=1", "module": "engine", "function": "run", "line": 93}
{"timestamp": "2026-08-01T09:51:39.437777+00:00", "level": "INFO", "logger": "vidur.ai_reasoning.engine", "message": "AI reasoning started for project_id=demo-project root=C:\\Users\\ka447\\AppData\\Local\\Temp\\pytest-of-ka447\\pytest-17\\test_run_normalizes_project_id0", "module": "engine", "function": "run", "line": 80}
{"timestamp": "2026-08-01T09:51:39.439785+00:00", "level": "INFO", "logger": "vidur.ai_reasoning.engine", "message": "AI reasoning completed for project_id=demo-project recommendations=1", "module": "engine", "function": "run", "line": 102}
{"timestamp": "2026-08-01T09:51:39.451851+00:00", "level": "INFO", "logger": "vidur.deep_learning_vision.engine", "message": "Visual comparison started for project_id=demo-project baseline=homepage current=homepage", "module": "engine", "function": "run", "line": 102}
{"timestamp": "2026-08-01T09:51:39.453858+00:00", "level": "INFO", "logger": "vidur.deep_learning_vision.engine", "message": "Visual comparison started for project_id=demo-project baseline=homepage current=homepage", "module": "engine", "function": "run", "line": 102}
{"timestamp": "2026-08-01T09:51:39.454366+00:00", "level": "INFO", "logger": "vidur.deep_learning_vision.engine", "message": "Visual comparison started for project_id=demo-project baseline=homepage current=homepage", "module": "engine", "function": "run", "line": 102}
{"timestamp": "2026-08-01T09:51:39.454366+00:00", "level": "INFO", "logger": "vidur.deep_learning_vision.engine", "message": "Visual comparison completed for project_id=demo-project verdict=regression", "module": "engine", "function": "run", "line": 126}
{"timestamp": "2026-08-01T09:51:39.456208+00:00", "level": "INFO", "logger": "vidur.deep_learning_vision.engine", "message": "Visual comparison started for project_id=demo-project baseline=homepage current=homepage", "module": "engine", "function": "run", "line": 102}
{"timestamp": "2026-08-01T09:51:39.457161+00:00", "level": "INFO", "logger": "vidur.deep_learning_vision.engine", "message": "Visual comparison completed for project_id=demo-project verdict=regression", "module": "engine", "function": "run", "line": 126}
{"timestamp": "2026-08-01T09:51:39.457669+00:00", "level": "INFO", "logger": "vidur.deep_learning_vision.engine", "message": "Visual comparison started for project_id=demo-project baseline=homepage current=homepage", "module": "engine", "function": "run", "line": 102}
{"timestamp": "2026-08-01T09:51:39.457669+00:00", "level": "INFO", "logger": "vidur.deep_learning_vision.engine", "message": "Visual comparison completed for project_id=demo-project verdict=match", "module": "engine", "function": "run", "line": 126}
{"timestamp": "2026-08-01T09:51:39.459682+00:00", "level": "INFO", "logger": "vidur.deep_learning_vision.engine", "message": "Visual comparison started for project_id=demo-project baseline=homepage current=homepage", "module": "engine", "function": "run", "line": 102}
{"timestamp": "2026-08-01T09:51:39.460282+00:00", "level": "INFO", "logger": "vidur.deep_learning_vision.engine", "message": "Visual comparison completed for project_id=demo-project verdict=match", "module": "engine", "function": "run", "line": 126}
{"timestamp": "2026-08-01T09:51:39.561514+00:00", "level": "INFO", "logger": "vidur.inspection_engine.engine", "message": "Inspection started for project_id=demo-project root=C:\\Users\\ka447\\AppData\\Local\\Temp\\pytest-of-ka447\\pytest-17\\test_run_produces_completed_re0", "module": "engine", "function": "run", "line": 75}
{"timestamp": "2026-08-01T09:51:39.561514+00:00", "level": "INFO", "logger": "vidur.inspection_engine.engine", "message": "Inspection completed for project_id=demo-project health_score=100.0 findings=0", "module": "engine", "function": "run", "line": 93}
{"timestamp": "2026-08-01T09:51:39.566382+00:00", "level": "INFO", "logger": "vidur.inspection_engine.engine", "message": "Inspection started for project_id=demo-project root=C:\\Users\\ka447\\AppData\\Local\\Temp\\pytest-of-ka447\\pytest-17\\test_run_detects_findings_acro0", "module": "engine", "function": "run", "line": 75}
{"timestamp": "2026-08-01T09:51:39.566382+00:00", "level": "INFO", "logger": "vidur.inspection_engine.engine", "message": "Inspection completed for project_id=demo-project health_score=0.0 findings=2", "module": "engine", "function": "run", "line": 93}
{"timestamp": "2026-08-01T09:51:39.571074+00:00", "level": "INFO", "logger": "vidur.inspection_engine.engine", "message": "Inspection started for project_id=demo-project root=C:\\Users\\ka447\\AppData\\Local\\Temp\\pytest-of-ka447\\pytest-17\\test_run_with_previous_snapsho0", "module": "engine", "function": "run", "line": 75}
{"timestamp": "2026-08-01T09:51:39.571074+00:00", "level": "INFO", "logger": "vidur.inspection_engine.engine", "message": "Inspection completed for project_id=demo-project health_score=40.0 findings=1", "module": "engine", "function": "run", "line": 93}
{"timestamp": "2026-08-01T09:51:39.571074+00:00", "level": "INFO", "logger": "vidur.inspection_engine.engine", "message": "Inspection started for project_id=demo-project root=C:\\Users\\ka447\\AppData\\Local\\Temp\\pytest-of-ka447\\pytest-17\\test_run_with_previous_snapsho0", "module": "engine", "function": "run", "line": 75}
{"timestamp": "2026-08-01T09:51:39.571074+00:00", "level": "INFO", "logger": "vidur.inspection_engine.engine", "message": "Inspection completed for project_id=demo-project health_score=60.0 findings=2", "module": "engine", "function": "run", "line": 93}
{"timestamp": "2026-08-01T09:51:39.578792+00:00", "level": "INFO", "logger": "vidur.inspection_engine.engine", "message": "Inspection started for project_id=demo-project root=C:\\Users\\ka447\\AppData\\Local\\Temp\\pytest-of-ka447\\pytest-17\\test_run_normalizes_project_id1", "module": "engine", "function": "run", "line": 75}
{"timestamp": "2026-08-01T09:51:39.578792+00:00", "level": "INFO", "logger": "vidur.inspection_engine.engine", "message": "Inspection completed for project_id=demo-project health_score=40.0 findings=1", "module": "engine", "function": "run", "line": 93}
{"timestamp": "2026-08-01T09:51:39.609011+00:00", "level": "INFO", "logger": "vidur.inspection_engine.engine", "message": "Inspection started for project_id=demo-project root=C:\\Users\\ka447\\AppData\\Local\\Temp\\pytest-of-ka447\\pytest-17\\test_run_raises_when_feature_f2", "module": "engine", "function": "run", "line": 75}
{"timestamp": "2026-08-01T09:51:39.609687+00:00", "level": "INFO", "logger": "vidur.inspection_engine.engine", "message": "Inspection completed for project_id=demo-project health_score=100.0 findings=0", "module": "engine", "function": "run", "line": 93}
{"timestamp": "2026-08-01T09:51:39.615773+00:00", "level": "INFO", "logger": "vidur.inspection_engine.engine", "message": "Inspection started for project_id=demo-project root=C:\\Users\\ka447\\AppData\\Local\\Temp\\pytest-of-ka447\\pytest-17\\test_run_raises_for_invalid_pr2", "module": "engine", "function": "run", "line": 75}
{"timestamp": "2026-08-01T09:51:39.621503+00:00", "level": "INFO", "logger": "vidur.inspection_engine.engine", "message": "Inspection completed for project_id=demo-project health_score=100.0 findings=0", "module": "engine", "function": "run", "line": 93}
{"timestamp": "2026-08-01T09:51:39.627528+00:00", "level": "INFO", "logger": "vidur.inspection_engine.engine", "message": "Inspection started for project_id=project-a root=C:\\Users\\ka447\\AppData\\Local\\Temp\\pytest-of-ka447\\pytest-17\\test_run_raises_for_mismatched1", "module": "engine", "function": "run", "line": 75}
{"timestamp": "2026-08-01T09:51:39.627528+00:00", "level": "INFO", "logger": "vidur.inspection_engine.engine", "message": "Inspection completed for project_id=project-a health_score=100.0 findings=0", "module": "engine", "function": "run", "line": 93}
{"timestamp": "2026-08-01T09:51:39.634637+00:00", "level": "INFO", "logger": "vidur.inspection_engine.engine", "message": "Inspection started for project_id=demo-project root=C:\\Users\\ka447\\AppData\\Local\\Temp\\pytest-of-ka447\\pytest-17\\test_run_raises_for_mismatched2", "module": "engine", "function": "run", "line": 75}
{"timestamp": "2026-08-01T09:51:39.634637+00:00", "level": "INFO", "logger": "vidur.inspection_engine.engine", "message": "Inspection completed for project_id=demo-project health_score=100.0 findings=0", "module": "engine", "function": "run", "line": 93}
{"timestamp": "2026-08-01T09:51:39.639178+00:00", "level": "INFO", "logger": "vidur.ai_reasoning.engine", "message": "AI reasoning started for project_id=demo-project root=C:\\Users\\ka447\\AppData\\Local\\Temp\\pytest-of-ka447\\pytest-17\\test_run_raises_for_mismatched2", "module": "engine", "function": "run", "line": 80}
{"timestamp": "2026-08-01T09:51:39.639685+00:00", "level": "INFO", "logger": "vidur.ai_reasoning.engine", "message": "AI reasoning completed for project_id=demo-project recommendations=0", "module": "engine", "function": "run", "line": 102}
{"timestamp": "2026-08-01T09:51:39.641700+00:00", "level": "INFO", "logger": "vidur.inspection_engine.engine", "message": "Inspection started for project_id=demo-project root=C:\\Users\\ka447\\AppData\\Local\\Temp\\pytest-of-ka447\\pytest-17\\test_run_produces_ml_predictio0", "module": "engine", "function": "run", "line": 75}
{"timestamp": "2026-08-01T09:51:39.641700+00:00", "level": "INFO", "logger": "vidur.inspection_engine.engine", "message": "Inspection completed for project_id=demo-project health_score=100.0 findings=0", "module": "engine", "function": "run", "line": 93}
{"timestamp": "2026-08-01T09:51:39.641700+00:00", "level": "INFO", "logger": "vidur.ml_prediction.engine", "message": "ML prediction started for project_id=demo-project root=C:\\Users\\ka447\\AppData\\Local\\Temp\\pytest-of-ka447\\pytest-17\\test_run_produces_ml_predictio0", "module": "engine", "function": "run", "line": 103}
{"timestamp": "2026-08-01T09:51:39.641700+00:00", "level": "INFO", "logger": "vidur.ml_prediction.engine", "message": "ML prediction completed for project_id=demo-project failure_probability=0.1298", "module": "engine", "function": "run", "line": 127}
{"timestamp": "2026-08-01T09:51:39.650016+00:00", "level": "INFO", "logger": "vidur.inspection_engine.engine", "message": "Inspection started for project_id=demo-project root=C:\\Users\\ka447\\AppData\\Local\\Temp\\pytest-of-ka447\\pytest-17\\test_run_produces_ml_predictio1", "module": "engine", "function": "run", "line": 75}
{"timestamp": "2026-08-01T09:51:39.650016+00:00", "level": "INFO", "logger": "vidur.inspection_engine.engine", "message": "Inspection completed for project_id=demo-project health_score=100.0 findings=0", "module": "engine", "function": "run", "line": 93}
{"timestamp": "2026-08-01T09:51:39.654833+00:00", "level": "INFO", "logger": "vidur.ai_reasoning.engine", "message": "AI reasoning started for project_id=demo-project root=C:\\Users\\ka447\\AppData\\Local\\Temp\\pytest-of-ka447\\pytest-17\\test_run_produces_ml_predictio1", "module": "engine", "function": "run", "line": 80}
{"timestamp": "2026-08-01T09:51:39.654833+00:00", "level": "INFO", "logger": "vidur.ai_reasoning.engine", "message": "AI reasoning completed for project_id=demo-project recommendations=0", "module": "engine", "function": "run", "line": 102}
{"timestamp": "2026-08-01T09:51:39.654833+00:00", "level": "INFO", "logger": "vidur.ml_prediction.engine", "message": "ML prediction started for project_id=demo-project root=C:\\Users\\ka447\\AppData\\Local\\Temp\\pytest-of-ka447\\pytest-17\\test_run_produces_ml_predictio1", "module": "engine", "function": "run", "line": 103}
{"timestamp": "2026-08-01T09:51:39.654833+00:00", "level": "INFO", "logger": "vidur.ml_prediction.engine", "message": "ML prediction completed for project_id=demo-project failure_probability=0.1298", "module": "engine", "function": "run", "line": 127}
{"timestamp": "2026-08-01T09:51:39.654833+00:00", "level": "INFO", "logger": "vidur.inspection_engine.engine", "message": "Inspection started for project_id=demo-project root=C:\\Users\\ka447\\AppData\\Local\\Temp\\pytest-of-ka447\\pytest-17\\test_run_uses_historical_healt0", "module": "engine", "function": "run", "line": 75}
{"timestamp": "2026-08-01T09:51:39.868465+00:00", "level": "INFO", "logger": "vidur.inspection_engine.engine", "message": "Inspection completed for project_id=demo-project health_score=100.0 findings=0", "module": "engine", "function": "run", "line": 93}
{"timestamp": "2026-08-01T09:51:39.870474+00:00", "level": "INFO", "logger": "vidur.ml_prediction.engine", "message": "ML prediction started for project_id=demo-project root=C:\\Users\\ka447\\AppData\\Local\\Temp\\pytest-of-ka447\\pytest-17\\test_run_uses_historical_healt0", "module": "engine", "function": "run", "line": 103}
{"timestamp": "2026-08-01T09:51:39.870474+00:00", "level": "INFO", "logger": "vidur.ml_prediction.engine", "message": "ML prediction completed for project_id=demo-project failure_probability=0.1298", "module": "engine", "function": "run", "line": 127}
{"timestamp": "2026-08-01T09:51:39.883046+00:00", "level": "INFO", "logger": "vidur.inspection_engine.engine", "message": "Inspection started for project_id=demo-project root=C:\\Users\\ka447\\AppData\\Local\\Temp\\pytest-of-ka447\\pytest-17\\test_run_normalizes_project_id2", "module": "engine", "function": "run", "line": 75}
{"timestamp": "2026-08-01T09:51:39.889075+00:00", "level": "INFO", "logger": "vidur.inspection_engine.engine", "message": "Inspection completed for project_id=demo-project health_score=100.0 findings=0", "module": "engine", "function": "run", "line": 93}
{"timestamp": "2026-08-01T09:51:39.889075+00:00", "level": "INFO", "logger": "vidur.ml_prediction.engine", "message": "ML prediction started for project_id=demo-project root=C:\\Users\\ka447\\AppData\\Local\\Temp\\pytest-of-ka447\\pytest-17\\test_run_normalizes_project_id2", "module": "engine", "function": "run", "line": 103}
{"timestamp": "2026-08-01T09:51:39.889075+00:00", "level": "INFO", "logger": "vidur.ml_prediction.engine", "message": "ML prediction completed for project_id=demo-project failure_probability=0.1298", "module": "engine", "function": "run", "line": 127}
{"timestamp": "2026-08-01T09:51:40.109273+00:00", "level": "WARNING", "logger": "vidur.nlp.code_intent_extractor", "message": "Skipping unparseable file app/broken.py: invalid syntax (app/broken.py, line 1)", "module": "code_intent_extractor", "function": "extract", "line": 56}
{"timestamp": "2026-08-01T09:51:40.125112+00:00", "level": "WARNING", "logger": "vidur.nlp.code_intent_extractor", "message": "Skipping unparseable file app/broken.py: invalid syntax (app/broken.py, line 1)", "module": "code_intent_extractor", "function": "extract", "line": 56}
{"timestamp": "2026-08-01T09:51:40.136808+00:00", "level": "WARNING", "logger": "vidur.nlp.code_intent_extractor", "message": "Skipping unparseable file app/broken.py: invalid syntax (app/broken.py, line 1)", "module": "code_intent_extractor", "function": "extract", "line": 56}
{"timestamp": "2026-08-01T09:51:40.202317+00:00", "level": "INFO", "logger": "vidur.nlp.engine", "message": "NLP analysis started for project_id=demo-project root=C:\\Users\\ka447\\AppData\\Local\\Temp\\pytest-of-ka447\\pytest-17\\test_run_produces_nlp_report0", "module": "engine", "function": "run", "line": 76}
{"timestamp": "2026-08-01T09:51:40.209999+00:00", "level": "INFO", "logger": "vidur.nlp.engine", "message": "NLP analysis completed for project_id=demo-project consistency_findings=0", "module": "engine", "function": "run", "line": 94}
{"timestamp": "2026-08-01T09:51:40.216359+00:00", "level": "INFO", "logger": "vidur.nlp.engine", "message": "NLP analysis started for project_id=demo-project root=C:\\Users\\ka447\\AppData\\Local\\Temp\\pytest-of-ka447\\pytest-17\\test_run_includes_semantic_res0", "module": "engine", "function": "run", "line": 76}
{"timestamp": "2026-08-01T09:51:40.216359+00:00", "level": "INFO", "logger": "vidur.nlp.engine", "message": "NLP analysis completed for project_id=demo-project consistency_findings=0", "module": "engine", "function": "run", "line": 94}
{"timestamp": "2026-08-01T09:51:40.222688+00:00", "level": "INFO", "logger": "vidur.nlp.engine", "message": "NLP analysis started for project_id=demo-project root=C:\\Users\\ka447\\AppData\\Local\\Temp\\pytest-of-ka447\\pytest-17\\test_run_normalizes_project_id3", "module": "engine", "function": "run", "line": 76}
{"timestamp": "2026-08-01T09:51:40.225910+00:00", "level": "INFO", "logger": "vidur.nlp.engine", "message": "NLP analysis completed for project_id=demo-project consistency_findings=0", "module": "engine", "function": "run", "line": 94}
{"timestamp": "2026-08-01T09:51:40.261639+00:00", "level": "INFO", "logger": "vidur.memory.engine", "message": "Recording inspection memory for project_id=demo-project", "module": "engine", "function": "_record", "line": 253}
{"timestamp": "2026-08-01T09:51:40.261639+00:00", "level": "INFO", "logger": "vidur.memory.engine", "message": "Recorded inspection memory record_id=01281107e5264cec87c2b4c4b5aa33f7 for project_id=demo-project", "module": "engine", "function": "_record", "line": 275}
{"timestamp": "2026-08-01T09:51:40.273561+00:00", "level": "INFO", "logger": "vidur.memory.engine", "message": "Recording visual_regression memory for project_id=demo-project", "module": "engine", "function": "_record", "line": 253}
{"timestamp": "2026-08-01T09:51:40.273561+00:00", "level": "INFO", "logger": "vidur.memory.engine", "message": "Recorded visual_regression memory record_id=8b5aae7aac454887889333a28fb034cf for project_id=demo-project", "module": "engine", "function": "_record", "line": 275}
{"timestamp": "2026-08-01T09:51:40.273561+00:00", "level": "INFO", "logger": "vidur.memory.engine", "message": "Recording inspection memory for project_id=demo-project", "module": "engine", "function": "_record", "line": 253}
{"timestamp": "2026-08-01T09:51:40.273561+00:00", "level": "INFO", "logger": "vidur.memory.engine", "message": "Recorded inspection memory record_id=93c67e71798441799d62ad390b490d8c for project_id=demo-project", "module": "engine", "function": "_record", "line": 275}
{"timestamp": "2026-08-01T09:51:40.277695+00:00", "level": "INFO", "logger": "vidur.memory.engine", "message": "Recording inspection memory for project_id=demo-project", "module": "engine", "function": "_record", "line": 253}
{"timestamp": "2026-08-01T09:51:40.277695+00:00", "level": "INFO", "logger": "vidur.memory.engine", "message": "Recorded inspection memory record_id=66e1b78e76bf45a0ad9af3ed61bfd630 for project_id=demo-project", "module": "engine", "function": "_record", "line": 275}
{"timestamp": "2026-08-01T09:51:40.277695+00:00", "level": "INFO", "logger": "vidur.memory.engine", "message": "Memory recall started for project_id=demo-project", "module": "engine", "function": "recall", "line": 136}
{"timestamp": "2026-08-01T09:51:40.277695+00:00", "level": "INFO", "logger": "vidur.memory.engine", "message": "Memory recall completed for project_id=demo-project matches=1", "module": "engine", "function": "recall", "line": 167}
{"timestamp": "2026-08-01T09:51:40.277695+00:00", "level": "INFO", "logger": "vidur.memory.engine", "message": "Memory recall started for project_id=demo-project", "module": "engine", "function": "recall", "line": 136}
{"timestamp": "2026-08-01T09:51:40.277695+00:00", "level": "INFO", "logger": "vidur.memory.engine", "message": "Memory recall completed for project_id=demo-project matches=0", "module": "engine", "function": "recall", "line": 167}
{"timestamp": "2026-08-01T09:51:40.277695+00:00", "level": "INFO", "logger": "vidur.memory.engine", "message": "Recording inspection memory for project_id=demo-project", "module": "engine", "function": "_record", "line": 253}
{"timestamp": "2026-08-01T09:51:40.277695+00:00", "level": "INFO", "logger": "vidur.memory.engine", "message": "Recorded inspection memory record_id=61aee4ee64794735aac46af07f9ca003 for project_id=demo-project", "module": "engine", "function": "_record", "line": 275}
{"timestamp": "2026-08-01T09:51:40.277695+00:00", "level": "INFO", "logger": "vidur.memory.engine", "message": "Recording visual_regression memory for project_id=demo-project", "module": "engine", "function": "_record", "line": 253}
{"timestamp": "2026-08-01T09:51:40.277695+00:00", "level": "INFO", "logger": "vidur.memory.engine", "message": "Recorded visual_regression memory record_id=7507bc5013c54ecea5e6af605a04bbe6 for project_id=demo-project", "module": "engine", "function": "_record", "line": 275}
{"timestamp": "2026-08-01T09:51:40.291316+00:00", "level": "INFO", "logger": "vidur.memory.engine", "message": "Recording inspection memory for project_id=demo-project", "module": "engine", "function": "_record", "line": 253}
{"timestamp": "2026-08-01T09:51:40.291825+00:00", "level": "INFO", "logger": "vidur.memory.engine", "message": "Recorded inspection memory record_id=8e929796e14a490d808b7c87ab35da6e for project_id=demo-project", "module": "engine", "function": "_record", "line": 275}
{"timestamp": "2026-08-01T09:51:40.291825+00:00", "level": "INFO", "logger": "vidur.memory.engine", "message": "Recording visual_regression memory for project_id=demo-project", "module": "engine", "function": "_record", "line": 253}
{"timestamp": "2026-08-01T09:51:40.291825+00:00", "level": "INFO", "logger": "vidur.memory.engine", "message": "Recorded visual_regression memory record_id=d4f8e2f0cfef4b88838c279ff2b7bcf7 for project_id=demo-project", "module": "engine", "function": "_record", "line": 275}
{"timestamp": "2026-08-01T09:51:40.291825+00:00", "level": "INFO", "logger": "vidur.memory.engine", "message": "Recording inspection memory for project_id=demo-project", "module": "engine", "function": "_record", "line": 253}
{"timestamp": "2026-08-01T09:51:40.291825+00:00", "level": "INFO", "logger": "vidur.memory.engine", "message": "Recorded inspection memory record_id=634d0e14a9c841e79d66be1571e947a4 for project_id=demo-project", "module": "engine", "function": "_record", "line": 275}
{"timestamp": "2026-08-01T09:51:40.291825+00:00", "level": "INFO", "logger": "vidur.memory.engine", "message": "Recording inspection memory for project_id=demo-project", "module": "engine", "function": "_record", "line": 253}
{"timestamp": "2026-08-01T09:51:40.291825+00:00", "level": "INFO", "logger": "vidur.memory.engine", "message": "Recorded inspection memory record_id=23df4fac597348f7bd7417c2555d3f8f for project_id=demo-project", "module": "engine", "function": "_record", "line": 275}
{"timestamp": "2026-08-01T09:51:40.291825+00:00", "level": "INFO", "logger": "vidur.memory.engine", "message": "Recording visual_regression memory for project_id=demo-project", "module": "engine", "function": "_record", "line": 253}
{"timestamp": "2026-08-01T09:51:40.291825+00:00", "level": "INFO", "logger": "vidur.memory.engine", "message": "Recorded visual_regression memory record_id=4b405561b3bf499d9b0ea77219cc2d1f for project_id=demo-project", "module": "engine", "function": "_record", "line": 275}
{"timestamp": "2026-08-01T09:51:40.291825+00:00", "level": "INFO", "logger": "vidur.memory.engine", "message": "Recording inspection memory for project_id=demo-project", "module": "engine", "function": "_record", "line": 253}
{"timestamp": "2026-08-01T09:51:40.291825+00:00", "level": "INFO", "logger": "vidur.memory.engine", "message": "Recorded inspection memory record_id=d3c0c867e72643ff949a5d3c64672eea for project_id=demo-project", "module": "engine", "function": "_record", "line": 275}
{"timestamp": "2026-08-01T09:51:40.309579+00:00", "level": "ERROR", "logger": "vidur.memory.record_store", "message": "Failed to persist memory record rec-1 for project_id=demo-project: simulated failure", "module": "record_store", "function": "save", "line": 78}
{"timestamp": "2026-08-01T09:51:40.317146+00:00", "level": "ERROR", "logger": "vidur.memory.record_store", "message": "Failed to list memory records for project_id=demo-project: simulated failure", "module": "record_store", "function": "list_records", "line": 110}
{"timestamp": "2026-08-01T09:51:40.325173+00:00", "level": "ERROR", "logger": "vidur.memory.semantic_index", "message": "Failed to index memory record rec-1 for project_id=demo-project: simulated chroma failure", "module": "semantic_index", "function": "index", "line": 58}
{"timestamp": "2026-08-01T09:51:40.327024+00:00", "level": "ERROR", "logger": "vidur.memory.semantic_index", "message": "Semantic recall query failed for project_id=demo-project: simulated chroma failure", "module": "semantic_index", "function": "query", "line": 85}
{"timestamp": "2026-08-01T10:34:01.329799+00:00", "level": "INFO", "logger": "vidur.inspection_engine.engine", "message": "Inspection started for project_id=demo-project root=C:\\Users\\ka447\\AppData\\Local\\Temp\\pytest-of-ka447\\pytest-18\\test_run_raises_when_feature_f0", "module": "engine", "function": "run", "line": 75}
{"timestamp": "2026-08-01T10:34:01.332150+00:00", "level": "INFO", "logger": "vidur.inspection_engine.engine", "message": "Inspection completed for project_id=demo-project health_score=80.0 findings=1", "module": "engine", "function": "run", "line": 93}
{"timestamp": "2026-08-01T10:34:01.336542+00:00", "level": "INFO", "logger": "vidur.inspection_engine.engine", "message": "Inspection started for project_id=demo-project root=C:\\Users\\ka447\\AppData\\Local\\Temp\\pytest-of-ka447\\pytest-18\\test_run_raises_for_invalid_pr0", "module": "engine", "function": "run", "line": 75}
{"timestamp": "2026-08-01T10:34:01.340887+00:00", "level": "INFO", "logger": "vidur.inspection_engine.engine", "message": "Inspection completed for project_id=demo-project health_score=80.0 findings=1", "module": "engine", "function": "run", "line": 93}
{"timestamp": "2026-08-01T10:34:01.348248+00:00", "level": "INFO", "logger": "vidur.inspection_engine.engine", "message": "Inspection started for project_id=project-a root=C:\\Users\\ka447\\AppData\\Local\\Temp\\pytest-of-ka447\\pytest-18\\test_run_raises_for_mismatched0", "module": "engine", "function": "run", "line": 75}
{"timestamp": "2026-08-01T10:34:01.352104+00:00", "level": "INFO", "logger": "vidur.inspection_engine.engine", "message": "Inspection completed for project_id=project-a health_score=80.0 findings=1", "module": "engine", "function": "run", "line": 93}
{"timestamp": "2026-08-01T10:34:01.358255+00:00", "level": "INFO", "logger": "vidur.inspection_engine.engine", "message": "Inspection started for project_id=demo-project root=C:\\Users\\ka447\\AppData\\Local\\Temp\\pytest-of-ka447\\pytest-18\\test_run_produces_reasoning_re0", "module": "engine", "function": "run", "line": 75}
{"timestamp": "2026-08-01T10:34:01.361261+00:00", "level": "INFO", "logger": "vidur.inspection_engine.engine", "message": "Inspection completed for project_id=demo-project health_score=80.0 findings=1", "module": "engine", "function": "run", "line": 93}
{"timestamp": "2026-08-01T10:34:01.361261+00:00", "level": "INFO", "logger": "vidur.ai_reasoning.engine", "message": "AI reasoning started for project_id=demo-project root=C:\\Users\\ka447\\AppData\\Local\\Temp\\pytest-of-ka447\\pytest-18\\test_run_produces_reasoning_re0", "module": "engine", "function": "run", "line": 80}
{"timestamp": "2026-08-01T10:34:01.361261+00:00", "level": "INFO", "logger": "vidur.ai_reasoning.engine", "message": "AI reasoning completed for project_id=demo-project recommendations=1", "module": "engine", "function": "run", "line": 102}
{"timestamp": "2026-08-01T10:34:01.364168+00:00", "level": "INFO", "logger": "vidur.inspection_engine.engine", "message": "Inspection started for project_id=demo-project root=C:\\Users\\ka447\\AppData\\Local\\Temp\\pytest-of-ka447\\pytest-18\\test_run_normalizes_project_id0", "module": "engine", "function": "run", "line": 75}
{"timestamp": "2026-08-01T10:34:01.377208+00:00", "level": "INFO", "logger": "vidur.inspection_engine.engine", "message": "Inspection completed for project_id=demo-project health_score=80.0 findings=1", "module": "engine", "function": "run", "line": 93}
{"timestamp": "2026-08-01T10:34:01.377208+00:00", "level": "INFO", "logger": "vidur.ai_reasoning.engine", "message": "AI reasoning started for project_id=demo-project root=C:\\Users\\ka447\\AppData\\Local\\Temp\\pytest-of-ka447\\pytest-18\\test_run_normalizes_project_id0", "module": "engine", "function": "run", "line": 80}
{"timestamp": "2026-08-01T10:34:01.381610+00:00", "level": "INFO", "logger": "vidur.ai_reasoning.engine", "message": "AI reasoning completed for project_id=demo-project recommendations=1", "module": "engine", "function": "run", "line": 102}
{"timestamp": "2026-08-01T10:34:01.400154+00:00", "level": "INFO", "logger": "vidur.deep_learning_vision.engine", "message": "Visual comparison started for project_id=demo-project baseline=homepage current=homepage", "module": "engine", "function": "run", "line": 102}
{"timestamp": "2026-08-01T10:34:01.401456+00:00", "level": "INFO", "logger": "vidur.deep_learning_vision.engine", "message": "Visual comparison started for project_id=demo-project baseline=homepage current=homepage", "module": "engine", "function": "run", "line": 102}
{"timestamp": "2026-08-01T10:34:01.403172+00:00", "level": "INFO", "logger": "vidur.deep_learning_vision.engine", "message": "Visual comparison started for project_id=demo-project baseline=homepage current=homepage", "module": "engine", "function": "run", "line": 102}
{"timestamp": "2026-08-01T10:34:01.403172+00:00", "level": "INFO", "logger": "vidur.deep_learning_vision.engine", "message": "Visual comparison completed for project_id=demo-project verdict=regression", "module": "engine", "function": "run", "line": 126}
{"timestamp": "2026-08-01T10:34:01.404848+00:00", "level": "INFO", "logger": "vidur.deep_learning_vision.engine", "message": "Visual comparison started for project_id=demo-project baseline=homepage current=homepage", "module": "engine", "function": "run", "line": 102}
{"timestamp": "2026-08-01T10:34:01.405376+00:00", "level": "INFO", "logger": "vidur.deep_learning_vision.engine", "message": "Visual comparison completed for project_id=demo-project verdict=regression", "module": "engine", "function": "run", "line": 126}
{"timestamp": "2026-08-01T10:34:01.406953+00:00", "level": "INFO", "logger": "vidur.deep_learning_vision.engine", "message": "Visual comparison started for project_id=demo-project baseline=homepage current=homepage", "module": "engine", "function": "run", "line": 102}
{"timestamp": "2026-08-01T10:34:01.406953+00:00", "level": "INFO", "logger": "vidur.deep_learning_vision.engine", "message": "Visual comparison completed for project_id=demo-project verdict=match", "module": "engine", "function": "run", "line": 126}
{"timestamp": "2026-08-01T10:34:01.408551+00:00", "level": "INFO", "logger": "vidur.deep_learning_vision.engine", "message": "Visual comparison started for project_id=demo-project baseline=homepage current=homepage", "module": "engine", "function": "run", "line": 102}
{"timestamp": "2026-08-01T10:34:01.409083+00:00", "level": "INFO", "logger": "vidur.deep_learning_vision.engine", "message": "Visual comparison completed for project_id=demo-project verdict=match", "module": "engine", "function": "run", "line": 126}
{"timestamp": "2026-08-01T10:34:01.580964+00:00", "level": "INFO", "logger": "vidur.inspection_engine.engine", "message": "Inspection started for project_id=demo-project root=C:\\Users\\ka447\\AppData\\Local\\Temp\\pytest-of-ka447\\pytest-18\\test_run_produces_completed_re0", "module": "engine", "function": "run", "line": 75}
{"timestamp": "2026-08-01T10:34:01.580964+00:00", "level": "INFO", "logger": "vidur.inspection_engine.engine", "message": "Inspection completed for project_id=demo-project health_score=100.0 findings=0", "module": "engine", "function": "run", "line": 93}
{"timestamp": "2026-08-01T10:34:01.580964+00:00", "level": "INFO", "logger": "vidur.inspection_engine.engine", "message": "Inspection started for project_id=demo-project root=C:\\Users\\ka447\\AppData\\Local\\Temp\\pytest-of-ka447\\pytest-18\\test_run_detects_findings_acro0", "module": "engine", "function": "run", "line": 75}
{"timestamp": "2026-08-01T10:34:01.580964+00:00", "level": "INFO", "logger": "vidur.inspection_engine.engine", "message": "Inspection completed for project_id=demo-project health_score=0.0 findings=2", "module": "engine", "function": "run", "line": 93}
{"timestamp": "2026-08-01T10:34:01.598625+00:00", "level": "INFO", "logger": "vidur.inspection_engine.engine", "message": "Inspection started for project_id=demo-project root=C:\\Users\\ka447\\AppData\\Local\\Temp\\pytest-of-ka447\\pytest-18\\test_run_with_previous_snapsho0", "module": "engine", "function": "run", "line": 75}
{"timestamp": "2026-08-01T10:34:01.598625+00:00", "level": "INFO", "logger": "vidur.inspection_engine.engine", "message": "Inspection completed for project_id=demo-project health_score=40.0 findings=1", "module": "engine", "function": "run", "line": 93}
{"timestamp": "2026-08-01T10:34:01.598625+00:00", "level": "INFO", "logger": "vidur.inspection_engine.engine", "message": "Inspection started for project_id=demo-project root=C:\\Users\\ka447\\AppData\\Local\\Temp\\pytest-of-ka447\\pytest-18\\test_run_with_previous_snapsho0", "module": "engine", "function": "run", "line": 75}
{"timestamp": "2026-08-01T10:34:01.598625+00:00", "level": "INFO", "logger": "vidur.inspection_engine.engine", "message": "Inspection completed for project_id=demo-project health_score=60.0 findings=2", "module": "engine", "function": "run", "line": 93}
{"timestamp": "2026-08-01T10:34:01.598625+00:00", "level": "INFO", "logger": "vidur.inspection_engine.engine", "message": "Inspection started for project_id=demo-project root=C:\\Users\\ka447\\AppData\\Local\\Temp\\pytest-of-ka447\\pytest-18\\test_run_normalizes_project_id1", "module": "engine", "function": "run", "line": 75}
{"timestamp": "2026-08-01T10:34:01.598625+00:00", "level": "INFO", "logger": "vidur.inspection_engine.engine", "message": "Inspection completed for project_id=demo-project health_score=40.0 findings=1", "module": "engine", "function": "run", "line": 93}
{"timestamp": "2026-08-01T10:34:01.631768+00:00", "level": "INFO", "logger": "vidur.inspection_engine.engine", "message": "Inspection started for project_id=demo-project root=C:\\Users\\ka447\\AppData\\Local\\Temp\\pytest-of-ka447\\pytest-18\\test_run_raises_when_feature_f2", "module": "engine", "function": "run", "line": 75}
{"timestamp": "2026-08-01T10:34:01.654006+00:00", "level": "INFO", "logger": "vidur.inspection_engine.engine", "message": "Inspection completed for project_id=demo-project health_score=100.0 findings=0", "module": "engine", "function": "run", "line": 93}
{"timestamp": "2026-08-01T10:34:01.654006+00:00", "level": "INFO", "logger": "vidur.inspection_engine.engine", "message": "Inspection started for project_id=demo-project root=C:\\Users\\ka447\\AppData\\Local\\Temp\\pytest-of-ka447\\pytest-18\\test_run_raises_for_invalid_pr2", "module": "engine", "function": "run", "line": 75}
{"timestamp": "2026-08-01T10:34:01.664761+00:00", "level": "INFO", "logger": "vidur.inspection_engine.engine", "message": "Inspection completed for project_id=demo-project health_score=100.0 findings=0", "module": "engine", "function": "run", "line": 93}
{"timestamp": "2026-08-01T10:34:01.664761+00:00", "level": "INFO", "logger": "vidur.inspection_engine.engine", "message": "Inspection started for project_id=project-a root=C:\\Users\\ka447\\AppData\\Local\\Temp\\pytest-of-ka447\\pytest-18\\test_run_raises_for_mismatched1", "module": "engine", "function": "run", "line": 75}
{"timestamp": "2026-08-01T10:34:01.672656+00:00", "level": "INFO", "logger": "vidur.inspection_engine.engine", "message": "Inspection completed for project_id=project-a health_score=100.0 findings=0", "module": "engine", "function": "run", "line": 93}
{"timestamp": "2026-08-01T10:34:01.686404+00:00", "level": "INFO", "logger": "vidur.inspection_engine.engine", "message": "Inspection started for project_id=demo-project root=C:\\Users\\ka447\\AppData\\Local\\Temp\\pytest-of-ka447\\pytest-18\\test_run_raises_for_mismatched2", "module": "engine", "function": "run", "line": 75}
{"timestamp": "2026-08-01T10:34:01.698071+00:00", "level": "INFO", "logger": "vidur.inspection_engine.engine", "message": "Inspection completed for project_id=demo-project health_score=100.0 findings=0", "module": "engine", "function": "run", "line": 93}
{"timestamp": "2026-08-01T10:34:01.698071+00:00", "level": "INFO", "logger": "vidur.ai_reasoning.engine", "message": "AI reasoning started for project_id=demo-project root=C:\\Users\\ka447\\AppData\\Local\\Temp\\pytest-of-ka447\\pytest-18\\test_run_raises_for_mismatched2", "module": "engine", "function": "run", "line": 80}
{"timestamp": "2026-08-01T10:34:01.698071+00:00", "level": "INFO", "logger": "vidur.ai_reasoning.engine", "message": "AI reasoning completed for project_id=demo-project recommendations=0", "module": "engine", "function": "run", "line": 102}
{"timestamp": "2026-08-01T10:34:01.698071+00:00", "level": "INFO", "logger": "vidur.inspection_engine.engine", "message": "Inspection started for project_id=demo-project root=C:\\Users\\ka447\\AppData\\Local\\Temp\\pytest-of-ka447\\pytest-18\\test_run_produces_ml_predictio0", "module": "engine", "function": "run", "line": 75}
{"timestamp": "2026-08-01T10:34:01.698071+00:00", "level": "INFO", "logger": "vidur.inspection_engine.engine", "message": "Inspection completed for project_id=demo-project health_score=100.0 findings=0", "module": "engine", "function": "run", "line": 93}
{"timestamp": "2026-08-01T10:34:01.698071+00:00", "level": "INFO", "logger": "vidur.ml_prediction.engine", "message": "ML prediction started for project_id=demo-project root=C:\\Users\\ka447\\AppData\\Local\\Temp\\pytest-of-ka447\\pytest-18\\test_run_produces_ml_predictio0", "module": "engine", "function": "run", "line": 103}
{"timestamp": "2026-08-01T10:34:01.698071+00:00", "level": "INFO", "logger": "vidur.ml_prediction.engine", "message": "ML prediction completed for project_id=demo-project failure_probability=0.1298", "module": "engine", "function": "run", "line": 127}
{"timestamp": "2026-08-01T10:34:01.714302+00:00", "level": "INFO", "logger": "vidur.inspection_engine.engine", "message": "Inspection started for project_id=demo-project root=C:\\Users\\ka447\\AppData\\Local\\Temp\\pytest-of-ka447\\pytest-18\\test_run_produces_ml_predictio1", "module": "engine", "function": "run", "line": 75}
{"timestamp": "2026-08-01T10:34:01.714302+00:00", "level": "INFO", "logger": "vidur.inspection_engine.engine", "message": "Inspection completed for project_id=demo-project health_score=100.0 findings=0", "module": "engine", "function": "run", "line": 93}
{"timestamp": "2026-08-01T10:34:01.714302+00:00", "level": "INFO", "logger": "vidur.ai_reasoning.engine", "message": "AI reasoning started for project_id=demo-project root=C:\\Users\\ka447\\AppData\\Local\\Temp\\pytest-of-ka447\\pytest-18\\test_run_produces_ml_predictio1", "module": "engine", "function": "run", "line": 80}
{"timestamp": "2026-08-01T10:34:01.714302+00:00", "level": "INFO", "logger": "vidur.ai_reasoning.engine", "message": "AI reasoning completed for project_id=demo-project recommendations=0", "module": "engine", "function": "run", "line": 102}
{"timestamp": "2026-08-01T10:34:01.714302+00:00", "level": "INFO", "logger": "vidur.ml_prediction.engine", "message": "ML prediction started for project_id=demo-project root=C:\\Users\\ka447\\AppData\\Local\\Temp\\pytest-of-ka447\\pytest-18\\test_run_produces_ml_predictio1", "module": "engine", "function": "run", "line": 103}
{"timestamp": "2026-08-01T10:34:01.714302+00:00", "level": "INFO", "logger": "vidur.ml_prediction.engine", "message": "ML prediction completed for project_id=demo-project failure_probability=0.1298", "module": "engine", "function": "run", "line": 127}
{"timestamp": "2026-08-01T10:34:01.729658+00:00", "level": "INFO", "logger": "vidur.inspection_engine.engine", "message": "Inspection started for project_id=demo-project root=C:\\Users\\ka447\\AppData\\Local\\Temp\\pytest-of-ka447\\pytest-18\\test_run_uses_historical_healt0", "module": "engine", "function": "run", "line": 75}
{"timestamp": "2026-08-01T10:34:01.736950+00:00", "level": "INFO", "logger": "vidur.inspection_engine.engine", "message": "Inspection completed for project_id=demo-project health_score=100.0 findings=0", "module": "engine", "function": "run", "line": 93}
{"timestamp": "2026-08-01T10:34:01.736950+00:00", "level": "INFO", "logger": "vidur.ml_prediction.engine", "message": "ML prediction started for project_id=demo-project root=C:\\Users\\ka447\\AppData\\Local\\Temp\\pytest-of-ka447\\pytest-18\\test_run_uses_historical_healt0", "module": "engine", "function": "run", "line": 103}
{"timestamp": "2026-08-01T10:34:01.736950+00:00", "level": "INFO", "logger": "vidur.ml_prediction.engine", "message": "ML prediction completed for project_id=demo-project failure_probability=0.1298", "module": "engine", "function": "run", "line": 127}
{"timestamp": "2026-08-01T10:34:01.736950+00:00", "level": "INFO", "logger": "vidur.inspection_engine.engine", "message": "Inspection started for project_id=demo-project root=C:\\Users\\ka447\\AppData\\Local\\Temp\\pytest-of-ka447\\pytest-18\\test_run_normalizes_project_id2", "module": "engine", "function": "run", "line": 75}
{"timestamp": "2026-08-01T10:34:01.748256+00:00", "level": "INFO", "logger": "vidur.inspection_engine.engine", "message": "Inspection completed for project_id=demo-project health_score=100.0 findings=0", "module": "engine", "function": "run", "line": 93}
{"timestamp": "2026-08-01T10:34:01.748256+00:00", "level": "INFO", "logger": "vidur.ml_prediction.engine", "message": "ML prediction started for project_id=demo-project root=C:\\Users\\ka447\\AppData\\Local\\Temp\\pytest-of-ka447\\pytest-18\\test_run_normalizes_project_id2", "module": "engine", "function": "run", "line": 103}
{"timestamp": "2026-08-01T10:34:01.748256+00:00", "level": "INFO", "logger": "vidur.ml_prediction.engine", "message": "ML prediction completed for project_id=demo-project failure_probability=0.1298", "module": "engine", "function": "run", "line": 127}
{"timestamp": "2026-08-01T10:34:01.783089+00:00", "level": "WARNING", "logger": "vidur.nlp.code_intent_extractor", "message": "Skipping unparseable file app/broken.py: invalid syntax (app/broken.py, line 1)", "module": "code_intent_extractor", "function": "extract", "line": 56}
{"timestamp": "2026-08-01T10:34:01.793532+00:00", "level": "WARNING", "logger": "vidur.nlp.code_intent_extractor", "message": "Skipping unparseable file app/broken.py: invalid syntax (app/broken.py, line 1)", "module": "code_intent_extractor", "function": "extract", "line": 56}
{"timestamp": "2026-08-01T10:34:01.803859+00:00", "level": "WARNING", "logger": "vidur.nlp.code_intent_extractor", "message": "Skipping unparseable file app/broken.py: invalid syntax (app/broken.py, line 1)", "module": "code_intent_extractor", "function": "extract", "line": 56}
{"timestamp": "2026-08-01T10:34:01.857082+00:00", "level": "INFO", "logger": "vidur.nlp.engine", "message": "NLP analysis started for project_id=demo-project root=C:\\Users\\ka447\\AppData\\Local\\Temp\\pytest-of-ka447\\pytest-18\\test_run_produces_nlp_report0", "module": "engine", "function": "run", "line": 76}
{"timestamp": "2026-08-01T10:34:01.872090+00:00", "level": "INFO", "logger": "vidur.nlp.engine", "message": "NLP analysis completed for project_id=demo-project consistency_findings=0", "module": "engine", "function": "run", "line": 94}
{"timestamp": "2026-08-01T10:34:01.877931+00:00", "level": "INFO", "logger": "vidur.nlp.engine", "message": "NLP analysis started for project_id=demo-project root=C:\\Users\\ka447\\AppData\\Local\\Temp\\pytest-of-ka447\\pytest-18\\test_run_includes_semantic_res0", "module": "engine", "function": "run", "line": 76}
{"timestamp": "2026-08-01T10:34:01.883517+00:00", "level": "INFO", "logger": "vidur.nlp.engine", "message": "NLP analysis completed for project_id=demo-project consistency_findings=0", "module": "engine", "function": "run", "line": 94}
{"timestamp": "2026-08-01T10:34:01.889567+00:00", "level": "INFO", "logger": "vidur.nlp.engine", "message": "NLP analysis started for project_id=demo-project root=C:\\Users\\ka447\\AppData\\Local\\Temp\\pytest-of-ka447\\pytest-18\\test_run_normalizes_project_id3", "module": "engine", "function": "run", "line": 76}
{"timestamp": "2026-08-01T10:34:01.891576+00:00", "level": "INFO", "logger": "vidur.nlp.engine", "message": "NLP analysis completed for project_id=demo-project consistency_findings=0", "module": "engine", "function": "run", "line": 94}
{"timestamp": "2026-08-01T10:34:01.932193+00:00", "level": "INFO", "logger": "vidur.memory.engine", "message": "Recording inspection memory for project_id=demo-project", "module": "engine", "function": "_record", "line": 253}
{"timestamp": "2026-08-01T10:34:01.946327+00:00", "level": "INFO", "logger": "vidur.memory.engine", "message": "Recorded inspection memory record_id=3eabf4336c184e83adab48980ba35994 for project_id=demo-project", "module": "engine", "function": "_record", "line": 275}
{"timestamp": "2026-08-01T10:34:01.948232+00:00", "level": "INFO", "logger": "vidur.memory.engine", "message": "Recording visual_regression memory for project_id=demo-project", "module": "engine", "function": "_record", "line": 253}
{"timestamp": "2026-08-01T10:34:01.948232+00:00", "level": "INFO", "logger": "vidur.memory.engine", "message": "Recorded visual_regression memory record_id=a3cadd95f9ee40c481139fd3059fa1bc for project_id=demo-project", "module": "engine", "function": "_record", "line": 275}
{"timestamp": "2026-08-01T10:34:01.948232+00:00", "level": "INFO", "logger": "vidur.memory.engine", "message": "Recording inspection memory for project_id=demo-project", "module": "engine", "function": "_record", "line": 253}
{"timestamp": "2026-08-01T10:34:01.948232+00:00", "level": "INFO", "logger": "vidur.memory.engine", "message": "Recorded inspection memory record_id=68da6d64f98b4e7b808b25995dbee30f for project_id=demo-project", "module": "engine", "function": "_record", "line": 275}
{"timestamp": "2026-08-01T10:34:01.948232+00:00", "level": "INFO", "logger": "vidur.memory.engine", "message": "Recording inspection memory for project_id=demo-project", "module": "engine", "function": "_record", "line": 253}
{"timestamp": "2026-08-01T10:34:01.948232+00:00", "level": "INFO", "logger": "vidur.memory.engine", "message": "Recorded inspection memory record_id=0e4a8918b9bf47d4a4040d01c10410d7 for project_id=demo-project", "module": "engine", "function": "_record", "line": 275}
{"timestamp": "2026-08-01T10:34:01.963868+00:00", "level": "INFO", "logger": "vidur.memory.engine", "message": "Memory recall started for project_id=demo-project", "module": "engine", "function": "recall", "line": 136}
{"timestamp": "2026-08-01T10:34:01.963868+00:00", "level": "INFO", "logger": "vidur.memory.engine", "message": "Memory recall completed for project_id=demo-project matches=1", "module": "engine", "function": "recall", "line": 167}
{"timestamp": "2026-08-01T10:34:01.966022+00:00", "level": "INFO", "logger": "vidur.memory.engine", "message": "Memory recall started for project_id=demo-project", "module": "engine", "function": "recall", "line": 136}
{"timestamp": "2026-08-01T10:34:01.966022+00:00", "level": "INFO", "logger": "vidur.memory.engine", "message": "Memory recall completed for project_id=demo-project matches=0", "module": "engine", "function": "recall", "line": 167}
{"timestamp": "2026-08-01T10:34:01.966022+00:00", "level": "INFO", "logger": "vidur.memory.engine", "message": "Recording inspection memory for project_id=demo-project", "module": "engine", "function": "_record", "line": 253}
{"timestamp": "2026-08-01T10:34:01.966022+00:00", "level": "INFO", "logger": "vidur.memory.engine", "message": "Recorded inspection memory record_id=bc4d0f58a31e463bb86ba301ab6bd2e3 for project_id=demo-project", "module": "engine", "function": "_record", "line": 275}
{"timestamp": "2026-08-01T10:34:01.966022+00:00", "level": "INFO", "logger": "vidur.memory.engine", "message": "Recording visual_regression memory for project_id=demo-project", "module": "engine", "function": "_record", "line": 253}
{"timestamp": "2026-08-01T10:34:01.966022+00:00", "level": "INFO", "logger": "vidur.memory.engine", "message": "Recorded visual_regression memory record_id=149bfe142db843f6bf7dd634252db52d for project_id=demo-project", "module": "engine", "function": "_record", "line": 275}
{"timestamp": "2026-08-01T10:34:01.976826+00:00", "level": "INFO", "logger": "vidur.memory.engine", "message": "Recording inspection memory for project_id=demo-project", "module": "engine", "function": "_record", "line": 253}
{"timestamp": "2026-08-01T10:34:01.976826+00:00", "level": "INFO", "logger": "vidur.memory.engine", "message": "Recorded inspection memory record_id=ebb8c389336441c2bc531c706db9d9f3 for project_id=demo-project", "module": "engine", "function": "_record", "line": 275}
{"timestamp": "2026-08-01T10:34:01.976826+00:00", "level": "INFO", "logger": "vidur.memory.engine", "message": "Recording visual_regression memory for project_id=demo-project", "module": "engine", "function": "_record", "line": 253}
{"timestamp": "2026-08-01T10:34:01.976826+00:00", "level": "INFO", "logger": "vidur.memory.engine", "message": "Recorded visual_regression memory record_id=53e40c2d30ce4563aed6c18f41a0a3c1 for project_id=demo-project", "module": "engine", "function": "_record", "line": 275}
{"timestamp": "2026-08-01T10:34:01.981503+00:00", "level": "INFO", "logger": "vidur.memory.engine", "message": "Recording inspection memory for project_id=demo-project", "module": "engine", "function": "_record", "line": 253}
{"timestamp": "2026-08-01T10:34:01.981503+00:00", "level": "INFO", "logger": "vidur.memory.engine", "message": "Recorded inspection memory record_id=808b1c3f9d7c4b18a71dbcbf655f3205 for project_id=demo-project", "module": "engine", "function": "_record", "line": 275}
{"timestamp": "2026-08-01T10:34:01.987367+00:00", "level": "INFO", "logger": "vidur.memory.engine", "message": "Recording inspection memory for project_id=demo-project", "module": "engine", "function": "_record", "line": 253}
{"timestamp": "2026-08-01T10:34:01.987367+00:00", "level": "INFO", "logger": "vidur.memory.engine", "message": "Recorded inspection memory record_id=bbb0884a3fef4cf9b5ee73a7048f0488 for project_id=demo-project", "module": "engine", "function": "_record", "line": 275}
{"timestamp": "2026-08-01T10:34:01.987367+00:00", "level": "INFO", "logger": "vidur.memory.engine", "message": "Recording visual_regression memory for project_id=demo-project", "module": "engine", "function": "_record", "line": 253}
{"timestamp": "2026-08-01T10:34:01.987367+00:00", "level": "INFO", "logger": "vidur.memory.engine", "message": "Recorded visual_regression memory record_id=4f041f284d5f4d359e0c9d9f52823a35 for project_id=demo-project", "module": "engine", "function": "_record", "line": 275}
{"timestamp": "2026-08-01T10:34:01.987367+00:00", "level": "INFO", "logger": "vidur.memory.engine", "message": "Recording inspection memory for project_id=demo-project", "module": "engine", "function": "_record", "line": 253}
{"timestamp": "2026-08-01T10:34:01.987367+00:00", "level": "INFO", "logger": "vidur.memory.engine", "message": "Recorded inspection memory record_id=ef241e6779bc4ab286815684e843969a for project_id=demo-project", "module": "engine", "function": "_record", "line": 275}
{"timestamp": "2026-08-01T10:34:02.001636+00:00", "level": "ERROR", "logger": "vidur.memory.record_store", "message": "Failed to persist memory record rec-1 for project_id=demo-project: simulated failure", "module": "record_store", "function": "save", "line": 78}
{"timestamp": "2026-08-01T10:34:02.017044+00:00", "level": "ERROR", "logger": "vidur.memory.record_store", "message": "Failed to list memory records for project_id=demo-project: simulated failure", "module": "record_store", "function": "list_records", "line": 110}
{"timestamp": "2026-08-01T10:34:02.032781+00:00", "level": "ERROR", "logger": "vidur.memory.semantic_index", "message": "Failed to index memory record rec-1 for project_id=demo-project: simulated chroma failure", "module": "semantic_index", "function": "index", "line": 58}
{"timestamp": "2026-08-01T10:34:02.033785+00:00", "level": "ERROR", "logger": "vidur.memory.semantic_index", "message": "Semantic recall query failed for project_id=demo-project: simulated chroma failure", "module": "semantic_index", "function": "query", "line": 85}
